 ,Area,Mean,Min,Max,Circ.,AR,Round,Solidity
1,443,5088.156,3382,6816,0.881,1.104,0.906,0.934
2,290,4619.883,3409,6133,0.891,1.281,0.781,0.932
3,361,4412.784,3383,5794,0.821,1.118,0.894,0.914
4,466,4382.142,3382,5724,0.876,1.136,0.880,0.937
5,306,4510.882,3386,5891,0.887,1.165,0.858,0.930
6,273,4430.194,3389,5749,0.904,1.156,0.865,0.925
7,296,4181.993,3382,5296,0.828,1.193,0.838,0.926
8,273,6064.286,3384,8467,0.894,1.168,0.856,0.933
9,330,4862.188,3392,6202,0.923,1.141,0.877,0.936
10,293,4494.939,3416,6183,0.856,1.064,0.939,0.933
11,343,4498.510,3391,5672,0.905,1.121,0.892,0.927
12,259,3839.039,3385,5058,0.626,1.014,0.987,0.803
13,292,4224.247,3394,5295,0.891,1.144,0.874,0.930
14,287,3942.700,3391,4661,0.629,1.040,0.961,0.879
15,349,4078.968,3382,5266,0.758,1.121,0.892,0.911
16,390,4105.772,3384,5346,0.771,1.131,0.884,0.899
17,340,4505.462,3397,5513,0.867,1.202,0.832,0.934
18,320,4582.556,3393,5983,0.874,1.032,0.969,0.922
19,343,4770.362,3392,6624,0.905,1.133,0.883,0.933
20,298,4334.510,3384,5393,0.808,1.460,0.685,0.918
21,363,4735.433,3382,6502,0.905,1.040,0.961,0.947
22,267,4146.569,3382,5097,0.782,1.216,0.823,0.907
23,376,4569.388,3396,5912,0.907,1.124,0.889,0.938
24,488,8317.219,3391,14583,0.897,1.146,0.872,0.947
25,355,4710.524,3386,6531,0.885,1.312,0.762,0.939
26,433,5075.048,3385,6989,0.879,1.295,0.772,0.941
27,303,4219.046,3385,5172,0.863,1.173,0.853,0.922
28,347,4283.268,3388,5170,0.900,1.122,0.891,0.930
29,352,4830.378,3382,6525,0.892,1.296,0.771,0.939
30,487,4937.337,3396,7033,0.921,1.132,0.884,0.946
31,295,4478.603,3389,5624,0.877,1.137,0.879,0.926
32,294,4273.680,3383,5229,0.913,1.124,0.890,0.935
33,333,4341.670,3385,5602,0.858,1.089,0.918,0.925
34,259,4782.023,3383,7241,0.950,1.130,0.885,0.954
35,278,6641.496,3470,10128,0.896,1.195,0.837,0.922
36,308,4159.500,3391,5360,0.827,1.190,0.840,0.924
37,347,4123.006,3382,5144,0.722,1.155,0.866,0.904
38,356,5069.699,3384,6915,0.902,1.077,0.928,0.937
39,351,4171.923,3392,5436,0.764,1.144,0.874,0.898
40,341,4059.217,3383,5007,0.858,1.186,0.843,0.925
41,221,3910.905,3385,4976,0.620,1.023,0.978,0.820
42,299,4218.722,3383,5222,0.873,1.218,0.821,0.921
43,461,4930.902,3407,6473,0.917,1.153,0.867,0.947
44,494,5063.721,3390,7505,0.777,1.581,0.632,0.897
45,354,4534.545,3383,5780,0.891,1.124,0.889,0.939
46,291,4941.086,3384,6651,0.850,1.318,0.759,0.921
47,356,4549.101,3387,5908,0.896,1.217,0.822,0.933
48,409,4004.787,3386,4944,0.636,1.142,0.876,0.892
49,296,5991.956,3388,8402,0.910,1.093,0.915,0.932
50,275,3825.185,3382,4580,0.728,1.132,0.883,0.874
51,354,4400.220,3383,5908,0.775,1.278,0.783,0.912
52,375,4650.827,3410,6224,0.864,1.208,0.828,0.928
53,356,5204.289,3409,7204,0.887,1.243,0.805,0.934
54,421,5620.444,3390,7321,0.900,1.370,0.730,0.944
55,399,4334.145,3383,5553,0.761,1.219,0.820,0.902
56,454,5155.857,3390,6662,0.933,1.125,0.889,0.959
57,335,5944.448,3420,8046,0.915,1.056,0.947,0.932
58,321,5414.819,3440,7168,0.905,1.080,0.926,0.933
59,403,4587.521,3407,5876,0.920,1.182,0.846,0.956
60,236,5275.610,3427,7973,0.842,1.642,0.609,0.927
61,342,5437.266,3387,6973,0.947,1.072,0.933,0.954
62,325,4273.674,3412,5327,0.878,1.397,0.716,0.938
63,385,5553.431,3387,7513,0.882,1.372,0.729,0.934
64,307,5150.805,3429,6851,0.903,1.144,0.874,0.933
65,288,4314.656,3388,6052,0.786,1.446,0.692,0.913
66,346,4779.578,3390,6582,0.891,1.112,0.899,0.931
67,477,5646.623,3397,8142,0.921,1.204,0.830,0.947
68,357,4865.471,3398,6328,0.926,1.196,0.836,0.944
69,284,4103.465,3386,5358,0.703,1.457,0.686,0.899
70,241,4341.087,3405,5493,0.804,1.867,0.536,0.923
71,436,5415.087,3395,6991,0.924,1.012,0.988,0.949
72,340,4152.735,3386,5067,0.882,1.321,0.757,0.930
73,314,5788.029,3404,7765,0.934,1.232,0.812,0.944
74,334,4203.751,3393,5583,0.840,1.090,0.917,0.901
75,356,4331.225,3384,5529,0.820,1.196,0.836,0.915
76,302,4201.467,3382,5216,0.805,1.197,0.836,0.912
77,425,4068.911,3385,5300,0.762,1.124,0.890,0.910
78,259,6915.737,3388,9837,0.906,1.195,0.837,0.935
79,372,4864.172,3393,6751,0.852,1.125,0.889,0.921
80,421,5523.948,3386,7197,0.881,1.153,0.867,0.931
81,472,5582.752,3402,7628,0.875,1.224,0.817,0.947
82,256,4225.492,3387,5185,0.888,1.069,0.936,0.931
83,204,3880.172,3392,4602,0.629,1.303,0.767,0.850
84,377,4813.005,3395,6653,0.763,1.083,0.923,0.900
85,277,4375.022,3382,5423,0.925,1.314,0.761,0.942
86,337,5366.884,3407,7672,0.927,1.145,0.874,0.940
87,241,3995.017,3400,4903,0.674,1.762,0.568,0.862
88,316,4653.354,3384,6035,0.869,1.107,0.903,0.935
89,316,5719.022,3434,8380,0.930,1.098,0.911,0.946
90,472,5903.642,3468,7876,0.911,1.163,0.860,0.944
91,354,4719.650,3384,6228,0.903,1.138,0.879,0.934
92,389,4768.134,3411,6163,0.905,1.037,0.964,0.937
93,191,3713.990,3385,4270,0.555,1.163,0.860,0.840
94,375,4849.819,3387,6575,0.845,1.116,0.896,0.931
95,334,4237.491,3383,5453,0.808,1.185,0.844,0.919
96,280,4426.675,3393,5838,0.900,1.116,0.896,0.935
97,437,4416.838,3385,5630,0.804,1.228,0.814,0.903
98,358,6217.849,3400,9113,0.945,1.046,0.956,0.947
99,391,4328.205,3391,5213,0.928,1.091,0.917,0.947
100,273,4835.377,3396,5924,0.919,1.155,0.866,0.953
101,318,5476.374,3405,7928,0.912,1.081,0.925,0.934
102,462,5703.489,3397,8146,0.898,1.054,0.949,0.940
103,400,5739.408,3391,7755,0.902,1.042,0.959,0.933
104,409,5396.873,3386,7081,0.894,1.295,0.772,0.941
105,381,4624.635,3390,6004,0.845,1.204,0.830,0.928
106,360,4855.756,3390,6383,0.832,1.119,0.894,0.923
107,244,4487.545,3385,6289,0.840,1.665,0.601,0.912
108,387,5159.537,3392,7561,0.900,1.096,0.913,0.937
109,318,4515.075,3401,6313,0.912,1.152,0.868,0.933
110,410,4720.441,3383,6451,0.817,1.219,0.820,0.914
111,357,4218.711,3383,5669,0.770,1.091,0.916,0.904
112,237,4052.046,3385,4949,0.731,1.275,0.784,0.896
113,253,4620.447,3402,5773,0.928,1.200,0.833,0.944
114,260,4153.935,3391,4926,0.808,1.232,0.812,0.915
115,403,4659.238,3396,5942,0.900,1.249,0.801,0.939
116,337,5898.131,3404,8543,0.927,1.261,0.793,0.945
117,376,5185.585,3389,6654,0.928,1.020,0.980,0.954
118,268,4493.601,3383,5859,0.653,2.179,0.459,0.887
119,429,4359.056,3382,6062,0.923,1.084,0.922,0.946
120,329,4857.495,3392,6494,0.927,1.041,0.961,0.945
121,365,5678.066,3382,7516,0.938,1.124,0.890,0.955
122,460,4583.109,3394,6225,0.934,1.091,0.916,0.948
123,240,4373.875,3401,5629,0.801,1.699,0.589,0.920
124,476,7507.431,3393,11092,0.901,1.287,0.777,0.944
125,353,5644.116,3411,7630,0.894,1.154,0.866,0.931
126,259,3874.560,3387,4868,0.751,1.653,0.605,0.909
127,392,4772.969,3383,6351,0.889,1.139,0.878,0.936
128,347,5298.496,3417,7019,0.954,1.138,0.879,0.952
129,348,4637.589,3393,5821,0.888,1.258,0.795,0.933
130,280,4321.100,3415,5848,0.803,1.567,0.638,0.899
131,321,6163.421,3385,9764,0.905,1.212,0.825,0.937
132,181,3996.972,3382,5099,0.736,1.248,0.801,0.883
133,428,5325.811,3396,6997,0.921,1.259,0.794,0.953
134,159,5647.340,3382,9092,0.887,1.345,0.744,0.927
135,220,3751.750,3386,4370,0.717,1.353,0.739,0.880
136,259,4256.131,3382,5369,0.762,1.816,0.551,0.912
137,277,4552.375,3397,6030,0.925,1.303,0.767,0.941
138,378,5326.471,3402,7637,0.914,1.113,0.899,0.944
139,278,4314.986,3386,5427,0.820,1.058,0.945,0.914
140,387,5990.274,3383,9579,0.781,1.290,0.775,0.923
141,276,4536.221,3396,6134,0.904,1.285,0.778,0.936
142,336,6024.920,3386,8521,0.940,1.034,0.967,0.945
143,263,4606.046,3394,5785,0.912,1.176,0.850,0.924
144,274,4051.609,3384,4825,0.800,1.189,0.841,0.915
145,449,4215.341,3382,5361,0.844,1.238,0.808,0.915
146,386,5025.083,3388,6602,0.919,1.218,0.821,0.940
147,429,7138.825,3388,10854,0.884,1.381,0.724,0.940
148,438,4614.041,3389,6428,0.908,1.257,0.796,0.942
149,478,5078.619,3386,6876,0.879,1.211,0.826,0.940
150,319,5597.376,3400,8123,0.925,1.232,0.812,0.933
151,386,4499.360,3399,5721,0.904,1.258,0.795,0.941
152,408,5155.032,3428,6628,0.905,1.105,0.905,0.940
153,321,4952.128,3384,7704,0.898,1.140,0.878,0.943
154,222,3779.149,3387,4477,0.735,1.387,0.721,0.869
155,323,4385.251,3388,5667,0.895,1.067,0.937,0.938
156,299,5128.207,3409,7181,0.896,1.079,0.927,0.937
157,423,4923.678,3447,6154,0.904,1.114,0.897,0.944
158,406,4576.187,3396,6491,0.907,1.106,0.904,0.951
159,278,4213.845,3383,5573,0.812,1.266,0.790,0.919
160,320,5887.100,3383,8536,0.918,1.104,0.906,0.938
161,400,5027.520,3446,6536,0.893,1.249,0.801,0.935
162,491,6061.485,3408,8177,0.892,1.254,0.797,0.941
163,281,4846.964,3384,6320,0.880,1.187,0.842,0.921
164,315,4686.187,3383,6207,0.927,1.155,0.866,0.945
165,370,5580.746,3397,8128,0.916,1.257,0.795,0.940
166,386,5279.070,3411,7286,0.890,1.142,0.876,0.938
167,390,5045.718,3430,6386,0.899,1.110,0.901,0.940
168,404,5412.500,3390,7447,0.905,1.149,0.871,0.935
169,331,4296.952,3393,5566,0.819,1.124,0.889,0.931
170,369,5813.203,3391,8704,0.913,1.260,0.793,0.940
171,271,4453.303,3393,5697,0.915,1.157,0.864,0.928
172,339,4606.457,3400,6521,0.894,1.063,0.940,0.938
173,249,4341.703,3402,5562,0.834,1.234,0.810,0.915
174,376,4448.261,3388,5772,0.770,1.064,0.940,0.907
175,368,4648.429,3389,6365,0.829,1.158,0.864,0.921
176,325,5373.714,3384,6679,0.858,1.310,0.763,0.930
177,259,4541.691,3418,5798,0.874,1.265,0.791,0.923
178,387,4878.429,3384,6861,0.906,1.066,0.938,0.935
179,213,3878.394,3399,4738,0.791,1.072,0.933,0.906
180,319,4470.715,3382,5696,0.862,1.332,0.750,0.926
181,371,5169.585,3386,7175,0.895,1.149,0.870,0.932
182,355,4563.986,3387,5913,0.906,1.211,0.826,0.939
183,409,4762.868,3402,6971,0.627,2.189,0.457,0.836
184,384,5339.622,3387,7235,0.885,1.207,0.828,0.941
185,381,4618.136,3422,5873,0.898,1.273,0.786,0.951
186,422,5015.886,3434,6961,0.857,1.402,0.713,0.934
187,484,5217.428,3383,7142,0.921,1.127,0.887,0.948
188,367,5348.591,3384,7984,0.846,1.354,0.739,0.914
189,356,4730.871,3397,6388,0.908,1.115,0.897,0.942
190,443,4329.230,3396,5657,0.876,1.314,0.761,0.921
191,226,4022.761,3386,4980,0.723,1.208,0.828,0.874
192,398,5594.872,3400,7214,0.923,1.130,0.885,0.950
193,375,5150.485,3401,7272,0.859,1.074,0.931,0.929
194,264,4214.197,3383,5311,0.906,1.129,0.886,0.931
195,307,6672.199,3463,9754,0.927,1.073,0.932,0.946
196,466,4536.509,3407,6110,0.857,1.199,0.834,0.942
197,419,5191.582,3409,7043,0.910,1.130,0.885,0.938
198,361,5161.620,3391,6916,0.906,1.182,0.846,0.941
199,361,5514.374,3388,7598,0.900,1.340,0.746,0.944
200,254,4174.744,3382,4996,0.906,1.266,0.790,0.925
201,288,5432.434,3390,7348,0.943,1.106,0.904,0.944
202,344,4275.983,3410,5473,0.851,1.100,0.909,0.911
203,234,9458.432,3412,16481,0.886,1.104,0.906,0.911
204,330,5487.297,3438,7275,0.917,1.226,0.815,0.935
205,346,4944.543,3386,6814,0.929,1.103,0.907,0.941
206,320,6202.566,3412,8818,0.918,1.185,0.844,0.938
207,485,5109.458,3390,6890,0.899,1.258,0.795,0.940
208,241,4503.913,3399,5329,0.877,1.043,0.959,0.916
209,383,5065.815,3391,6870,0.897,1.266,0.790,0.942
210,334,5809.581,3451,7368,0.903,1.436,0.697,0.945
211,446,5480.341,3401,7472,0.881,1.469,0.681,0.929
212,252,4310.810,3387,5471,0.835,1.222,0.819,0.925
213,375,4300.016,3397,5662,0.746,1.124,0.890,0.912
214,410,5118.837,3389,6896,0.930,1.114,0.898,0.948
215,349,9647.390,3426,15047,0.905,1.252,0.799,0.945
216,322,4881.901,3385,7174,0.914,1.072,0.933,0.943
217,395,5635.970,3385,7810,0.931,1.121,0.892,0.953
218,364,5077.236,3397,6703,0.929,1.180,0.848,0.947
219,295,4209.932,3384,5342,0.840,1.045,0.957,0.905
220,347,4716.291,3398,6384,0.831,1.332,0.751,0.925
221,241,3926.145,3382,4755,0.846,1.087,0.920,0.901
222,265,4424.385,3383,5685,0.938,1.191,0.839,0.935
223,296,4941.753,3394,6817,0.927,1.160,0.862,0.943
224,324,6130.015,3410,9213,0.913,1.242,0.805,0.940
225,437,4666.167,3410,6515,0.920,1.215,0.823,0.944
226,263,3886.669,3383,4538,0.696,1.486,0.673,0.854
227,253,4770.300,3418,5794,0.921,1.179,0.848,0.932
228,338,4596.426,3395,5851,0.892,1.260,0.794,0.936
229,242,4118.868,3382,5026,0.849,1.165,0.858,0.908
230,428,5179.119,3409,7014,0.901,1.111,0.900,0.937
231,240,3883.558,3382,4746,0.555,1.235,0.810,0.854
232,480,9086.115,3389,13735,0.927,1.077,0.929,0.949
233,418,4817.708,3392,6132,0.899,1.145,0.873,0.939
234,211,7288.194,3447,11348,0.940,1.376,0.727,0.946
235,279,4251.265,3390,5468,0.851,1.177,0.849,0.924
236,248,3945.972,3384,5036,0.711,1.307,0.765,0.895
237,287,5055.268,3487,6880,0.908,1.161,0.861,0.936
238,360,5402.794,3449,7121,0.882,1.416,0.706,0.941
239,345,4088.145,3393,5374,0.702,1.204,0.831,0.881
240,388,4283.247,3390,5735,0.903,1.126,0.888,0.928
241,343,4565.050,3383,6009,0.890,1.038,0.963,0.936
242,260,4476.396,3401,5611,0.895,1.112,0.899,0.920
243,272,4370.886,3397,5386,0.908,1.268,0.788,0.932
244,372,5691.460,3389,7474,0.885,1.171,0.854,0.934
245,369,5790.577,3418,7596,0.898,1.171,0.854,0.934
246,393,4225.478,3382,5401,0.835,1.161,0.861,0.927
247,283,4230.360,3395,5067,0.913,1.090,0.917,0.923
248,443,7318.591,3387,13212,0.831,1.547,0.647,0.916
249,242,3921.665,3388,4733,0.615,1.167,0.857,0.867
250,440,4705.023,3386,6084,0.886,1.101,0.908,0.943
251,234,9477.162,3399,17382,0.920,1.140,0.877,0.932
252,380,6207.418,3398,9933,0.884,1.393,0.718,0.937
253,332,4542.130,3389,6102,0.855,1.379,0.725,0.929
254,222,6851.324,3389,11086,0.910,1.186,0.843,0.925
255,441,5184.546,3433,6893,0.869,1.341,0.745,0.948
256,319,5662.743,3428,7506,0.922,1.170,0.855,0.949
257,354,4481.749,3384,5871,0.842,1.209,0.827,0.932
258,281,4298.125,3402,5150,0.893,1.269,0.788,0.945
259,219,9528.539,3470,16141,0.926,1.165,0.858,0.936
260,237,4045.962,3402,4958,0.718,1.552,0.644,0.894
261,245,4060.286,3384,4922,0.790,1.055,0.948,0.893
262,254,4094.591,3383,4911,0.804,1.160,0.862,0.890
263,257,4550.875,3382,5433,0.917,1.060,0.943,0.940
264,253,4498.881,3411,5996,0.861,1.355,0.738,0.922
265,385,4858.332,3408,6305,0.887,1.192,0.839,0.934
266,250,4942.516,3390,6456,0.955,1.345,0.743,0.952
267,269,4291.933,3413,5403,0.874,1.348,0.742,0.918
268,246,3808.146,3387,4613,0.695,1.168,0.856,0.840
269,387,10296.478,3417,22436,0.803,1.385,0.722,0.893
270,270,4392.070,3387,5419,0.901,1.294,0.773,0.931
271,350,4364.869,3385,5593,0.872,1.330,0.752,0.922
272,231,4630.273,3402,6089,0.928,1.182,0.846,0.922
273,428,5404.942,3402,6821,0.901,1.063,0.941,0.945
274,227,9362.674,3401,17706,0.912,1.128,0.886,0.938
275,275,4095.102,3384,4901,0.824,1.303,0.768,0.924
276,481,4513.004,3396,5974,0.843,1.157,0.864,0.936
277,345,4199.116,3386,5247,0.790,1.126,0.888,0.908
278,236,4934.936,3431,6883,0.920,1.053,0.949,0.918
279,470,5012.819,3387,7898,0.590,2.770,0.361,0.872
280,253,4379.344,3399,5631,0.921,1.274,0.785,0.934
281,263,3974.205,3396,5032,0.808,1.329,0.752,0.916
282,281,4882.929,3388,6265,0.857,1.304,0.767,0.926
283,298,4347.527,3404,5466,0.849,1.231,0.813,0.909
284,391,4656.015,3385,6065,0.799,1.136,0.880,0.919
285,329,6438.082,3391,9254,0.927,1.049,0.954,0.947
286,397,5097.564,3382,6932,0.915,1.159,0.863,0.941
287,341,6123.405,3405,8582,0.913,1.048,0.954,0.949
288,225,4602.178,3390,5897,0.896,1.203,0.831,0.916
289,223,5068.045,3385,6367,0.903,1.119,0.893,0.918
290,327,4352.810,3393,5354,0.915,1.124,0.890,0.936
291,282,4238.255,3398,5327,0.797,1.247,0.802,0.900
292,381,4623.942,3397,5906,0.878,1.215,0.823,0.934
293,337,4393.567,3388,5730,0.874,1.228,0.815,0.934
294,233,4550.948,3400,5861,0.831,1.418,0.705,0.917
295,326,3997.546,3385,5104,0.699,1.354,0.738,0.899
296,300,4004.767,3396,5193,0.687,1.424,0.702,0.900
297,298,4231.933,3385,5533,0.877,1.060,0.943,0.911
298,272,5109.346,3384,6887,0.951,1.122,0.892,0.946
299,253,4123.787,3383,5007,0.816,1.328,0.753,0.900
300,356,5028.329,3383,6783,0.917,1.080,0.926,0.934
301,226,4892.805,3403,6464,0.889,1.188,0.842,0.921
302,311,4280.897,3382,5385,0.886,1.289,0.776,0.923
303,327,6376.095,3429,8950,0.945,1.021,0.979,0.952
304,344,6087.270,3389,8275,0.886,1.014,0.986,0.926
305,315,4593.387,3386,6078,0.866,1.299,0.770,0.931
306,440,5251.216,3406,6852,0.941,1.030,0.971,0.951
307,307,3766.049,3387,4629,0.616,1.390,0.719,0.846
308,306,5217.480,3386,6786,0.887,1.310,0.763,0.927
309,319,3866.862,3386,4534,0.659,1.298,0.770,0.894
310,151,10065.854,3395,22084,0.855,1.714,0.583,0.926
311,246,4306.919,3394,5490,0.787,1.071,0.934,0.883
312,248,4507.919,3384,5793,0.921,1.269,0.788,0.934
313,398,5159.962,3415,7022,0.932,1.079,0.927,0.945
314,492,5157.756,3386,8260,0.671,2.017,0.496,0.859
315,279,4630.631,3382,6307,0.907,1.280,0.781,0.935
316,311,5058.122,3388,6442,0.932,1.114,0.898,0.942
317,296,5375.416,3393,7343,0.910,1.151,0.869,0.940
318,263,4372.099,3408,5559,0.857,1.090,0.917,0.908
319,162,9280.537,3420,19261,0.836,1.567,0.638,0.910
320,308,5174.705,3394,7272,0.932,1.212,0.825,0.939
321,359,4847.524,3388,6453,0.925,1.077,0.928,0.946
322,259,4242.579,3384,5717,0.865,1.397,0.716,0.927
323,480,6108.265,3496,8755,0.941,1.154,0.866,0.955
324,310,4505.423,3421,5784,0.905,1.209,0.827,0.935
325,279,5866.362,3416,7954,0.914,1.196,0.836,0.944
326,362,5189.506,3387,6749,0.908,1.379,0.725,0.951
327,458,5278.133,3396,7083,0.916,1.206,0.829,0.950
328,353,5966.116,3411,8409,0.916,1.060,0.944,0.939
329,279,4388.373,3388,5635,0.803,1.378,0.726,0.906
330,318,4941.236,3391,6854,0.906,1.256,0.796,0.931
331,308,5123.292,3406,6978,0.906,1.263,0.792,0.936
332,299,4643.542,3403,6285,0.919,1.215,0.823,0.937
333,314,4484.236,3404,5555,0.907,1.160,0.862,0.936
334,297,5349.613,3440,7462,0.947,1.240,0.806,0.949
335,286,5571.951,3401,7277,0.929,1.118,0.895,0.938
336,292,4053.582,3387,5295,0.679,1.428,0.700,0.889
337,295,4680.217,3385,6261,0.893,1.155,0.866,0.923
338,275,4364.825,3383,5653,0.894,1.079,0.927,0.932
339,369,4808.331,3398,5979,0.864,1.310,0.764,0.934
340,365,5679.504,3420,7546,0.883,1.077,0.928,0.922
341,393,6567.720,3393,10036,0.906,1.204,0.830,0.946
342,264,4403.848,3382,5713,0.891,1.146,0.873,0.923
343,357,5009.737,3417,6731,0.896,1.117,0.895,0.942
344,321,4480.417,3399,5984,0.928,1.226,0.816,0.947
345,295,4589.041,3402,6218,0.907,1.063,0.941,0.942
346,455,4539.765,3400,6302,0.804,1.696,0.589,0.930
347,273,4215.432,3382,5403,0.803,1.287,0.777,0.921
348,294,4682.102,3405,6435,0.928,1.147,0.872,0.942
349,297,4780.532,3435,6171,0.890,1.224,0.817,0.930
350,292,4633.031,3402,6087,0.914,1.138,0.879,0.936
351,270,5410.822,3396,7598,0.901,1.207,0.829,0.942
352,323,4808.344,3391,6262,0.943,1.271,0.787,0.950
353,309,4316.871,3384,5882,0.902,1.077,0.929,0.921
354,256,5771.324,3391,7658,0.895,1.152,0.868,0.923
355,283,5150.774,3497,6379,0.952,1.160,0.862,0.954
356,295,5298.349,3462,6960,0.910,1.075,0.930,0.931
357,403,5015.891,3403,6869,0.886,1.277,0.783,0.949
358,323,4928.557,3396,6300,0.882,1.100,0.909,0.934
359,265,4400.042,3382,5420,0.878,1.393,0.718,0.930
360,320,5010.178,3382,6504,0.895,1.228,0.814,0.928
361,318,4081.041,3393,4985,0.875,1.056,0.947,0.926
362,203,7492.409,3407,11622,0.896,1.294,0.773,0.919
363,289,4565.000,3386,6683,0.866,1.024,0.977,0.917
364,298,10237.765,3394,20754,0.781,1.827,0.547,0.896
365,361,12051.657,3388,31172,0.724,1.553,0.644,0.876
366,309,6390.871,3429,8771,0.943,1.070,0.935,0.939
367,292,6732.082,3477,9203,0.921,1.128,0.887,0.943
368,416,4797.399,3409,6635,0.901,1.266,0.790,0.947
369,435,6045.064,3385,8847,0.922,1.130,0.885,0.950
370,282,5342.004,3460,6876,0.941,1.170,0.855,0.945
371,460,4889.524,3382,6180,0.876,1.344,0.744,0.935
372,309,3987.631,3401,5155,0.656,1.237,0.808,0.901
373,205,3750.824,3385,4518,0.501,1.621,0.617,0.755
374,298,5074.718,3408,6575,0.926,1.211,0.826,0.940
375,299,4328.097,3388,5297,0.912,1.152,0.868,0.936
376,280,4460.236,3385,5627,0.886,1.203,0.832,0.933
377,279,5413.989,3424,6975,0.949,1.131,0.885,0.946
378,281,4824.534,3384,6493,0.873,1.418,0.705,0.934
379,260,4446.577,3394,5384,0.909,1.294,0.773,0.934
380,274,4378.358,3383,5549,0.897,1.224,0.817,0.932
381,244,4956.361,3438,6472,0.940,1.169,0.855,0.946
382,317,4713.066,3408,6107,0.894,1.197,0.836,0.936
383,355,4673.273,3386,6010,0.899,1.217,0.822,0.937
384,303,3914.122,3388,4730,0.645,1.197,0.835,0.858
385,288,4791.872,3408,6309,0.895,1.202,0.832,0.935
386,327,4976.150,3385,6740,0.938,1.276,0.784,0.953
387,386,4477.303,3383,6108,0.796,1.636,0.611,0.916
388,285,4853.884,3395,6271,0.892,1.182,0.846,0.933
389,389,5174.272,3441,6515,0.911,1.102,0.908,0.938
390,362,4346.624,3399,5880,0.753,1.503,0.665,0.895
391,475,6440.048,3400,10291,0.879,1.131,0.884,0.939
392,293,4637.249,3385,5628,0.901,1.187,0.843,0.944
393,290,4786.576,3413,5910,0.925,1.123,0.890,0.935
394,340,4347.135,3398,5813,0.750,1.576,0.634,0.902
395,278,4218.165,3397,5153,0.870,1.266,0.790,0.919
396,304,4354.589,3392,5595,0.881,1.008,0.992,0.923
397,358,4979.642,3407,6375,0.907,1.229,0.813,0.937
398,334,4822.335,3399,6296,0.919,1.129,0.886,0.932
399,469,4393.736,3410,5991,0.857,1.349,0.741,0.937
400,280,4065.982,3387,5255,0.797,1.172,0.853,0.905
401,322,4834.714,3433,6390,0.908,1.069,0.935,0.936
402,369,4773.184,3398,6493,0.898,1.268,0.789,0.937
403,266,3832.248,3384,4443,0.574,1.101,0.908,0.865
404,285,4147.025,3392,5160,0.786,1.345,0.743,0.909
405,276,7249.598,3382,11011,0.939,1.156,0.865,0.937
406,298,4590.248,3392,6205,0.909,1.445,0.692,0.940
407,284,4035.901,3396,5126,0.770,1.269,0.788,0.899
408,305,4198.262,3382,4991,0.875,1.100,0.909,0.941
409,298,4920.648,3389,6602,0.923,1.217,0.821,0.949
410,403,4912.578,3404,6573,0.929,1.225,0.816,0.948
411,249,4773.699,3401,5956,0.906,1.255,0.797,0.924
412,275,3892.556,3390,4884,0.826,1.151,0.869,0.893
413,332,5282.774,3383,7550,0.952,1.097,0.912,0.950
414,364,5541.824,3415,7262,0.944,1.146,0.873,0.953
415,264,4123.947,3392,5455,0.765,1.280,0.782,0.864
416,281,4451.915,3405,5819,0.844,1.109,0.902,0.909
417,260,3902.150,3383,4952,0.681,1.633,0.612,0.858
418,294,4850.235,3419,6412,0.904,1.339,0.747,0.939
419,275,7208.229,3388,10281,0.918,1.144,0.874,0.931
420,164,8775.256,3396,15718,0.854,1.540,0.649,0.921
421,310,3879.684,3382,4524,0.750,1.205,0.830,0.892
422,302,4158.477,3398,5492,0.891,1.072,0.933,0.919
423,302,4493.248,3413,5761,0.851,1.287,0.777,0.924
424,256,3837.508,3382,4446,0.564,1.413,0.708,0.849
425,333,5273.279,3400,7086,0.855,1.270,0.787,0.935
426,161,7698.081,3402,14371,0.908,1.406,0.711,0.944
427,308,4684.571,3411,6031,0.930,1.044,0.958,0.945
428,306,4769.922,3385,6087,0.871,1.429,0.700,0.934
429,328,4283.049,3382,5666,0.644,1.435,0.697,0.893
430,368,4699.995,3393,6336,0.856,1.296,0.772,0.932
431,262,4149.557,3385,5286,0.752,1.160,0.862,0.907
432,320,4597.897,3396,6244,0.895,1.149,0.870,0.929
433,271,4658.089,3386,6040,0.915,1.163,0.860,0.936
434,301,4254.542,3398,5313,0.834,1.509,0.663,0.932
435,327,4691.752,3394,6377,0.899,1.250,0.800,0.933
436,319,6273.223,3385,8917,0.932,1.140,0.877,0.941
437,279,4169.638,3383,5171,0.860,1.164,0.859,0.904
438,167,8510.641,3447,14963,0.870,1.642,0.609,0.920
439,386,4900.166,3388,6569,0.864,1.510,0.662,0.931
440,309,4127.955,3396,5077,0.880,1.083,0.923,0.920
441,433,4481.596,3383,5950,0.912,1.080,0.926,0.941
442,345,5725.157,3391,8150,0.895,1.267,0.789,0.940
443,438,7124.084,3389,14052,0.810,1.455,0.688,0.921
444,268,9327.646,3403,17266,0.855,1.510,0.662,0.924
445,354,4416.121,3392,5504,0.934,1.146,0.873,0.939
446,427,6063.934,3394,8040,0.927,1.223,0.817,0.946
447,306,4028.173,3383,5080,0.752,1.106,0.904,0.899
448,272,4555.772,3394,6274,0.737,1.157,0.864,0.902
449,285,4171.449,3385,5622,0.773,1.757,0.569,0.906
450,280,3885.657,3382,4645,0.586,1.184,0.844,0.856
451,303,6476.403,3405,9181,0.914,1.046,0.956,0.944
452,300,4523.890,3389,5929,0.899,1.338,0.748,0.926
453,302,4158.927,3387,5327,0.573,1.900,0.526,0.865
454,297,4469.209,3397,6185,0.825,1.149,0.870,0.903
455,346,5042.997,3413,6968,0.829,1.253,0.798,0.923
456,303,4633.139,3397,6119,0.901,1.080,0.926,0.924
457,407,4685.796,3394,6090,0.839,1.245,0.803,0.906
458,296,6707.291,3388,9622,0.910,1.213,0.824,0.940
459,424,6132.774,3443,8382,0.918,1.291,0.775,0.958
460,393,4596.791,3404,6083,0.878,1.366,0.732,0.939
461,314,4200.315,3385,5174,0.864,1.191,0.839,0.925
462,288,5087.979,3405,6805,0.936,1.060,0.943,0.937
463,456,4472.373,3385,5857,0.904,1.313,0.762,0.948
464,281,4400.804,3395,5730,0.873,1.250,0.800,0.917
465,257,5311.642,3389,7243,0.899,1.539,0.650,0.945
466,336,4682.315,3404,6042,0.887,1.169,0.855,0.929
467,327,4207.547,3388,5406,0.786,1.231,0.812,0.906
468,379,5332.842,3444,7050,0.929,1.118,0.895,0.948
469,328,4437.945,3386,5604,0.859,1.138,0.879,0.915
470,220,6406.755,3405,9230,0.910,1.132,0.883,0.928
471,253,3736.779,3384,4291,0.598,1.479,0.676,0.865
472,261,4035.801,3382,5180,0.696,1.368,0.731,0.871
473,306,4343.046,3383,6173,0.821,1.336,0.749,0.920
474,425,6758.802,3409,10490,0.881,1.187,0.842,0.931
475,306,4706.461,3389,6614,0.887,1.294,0.773,0.929
476,368,5198.367,3389,7057,0.882,1.102,0.908,0.929
477,322,6269.711,3382,8628,0.940,1.068,0.937,0.942
478,302,3842.192,3383,4635,0.725,1.189,0.841,0.882
479,424,4504.087,3387,5959,0.887,1.027,0.974,0.934
480,485,5956.786,3383,8521,0.565,2.023,0.494,0.833
481,319,4744.734,3388,6298,0.877,1.381,0.724,0.938
482,274,4317.613,3387,5493,0.851,1.303,0.767,0.909
483,345,5777.046,3400,8544,0.917,1.230,0.813,0.949
484,290,4628.079,3397,6434,0.901,1.220,0.820,0.927
485,212,7309.835,3385,11811,0.916,1.233,0.811,0.924
486,268,3811.485,3384,4446,0.587,1.273,0.786,0.836
487,296,4337.601,3384,5797,0.858,1.265,0.791,0.928
488,280,5011.621,3416,6343,0.893,1.268,0.788,0.932
489,179,8731.251,3382,15474,0.911,1.435,0.697,0.927
490,325,4536.055,3385,6188,0.837,1.231,0.812,0.919
491,269,5114.933,3414,7071,0.923,1.268,0.789,0.944
492,299,4468.662,3389,5530,0.837,1.210,0.827,0.923
493,271,3955.587,3382,5028,0.607,1.360,0.735,0.854
494,369,3958.523,3389,4992,0.791,1.164,0.859,0.908
495,309,3867.036,3383,4794,0.708,1.189,0.841,0.878
496,462,8004.803,3384,11923,0.911,1.195,0.837,0.946
497,381,5044.764,3396,6774,0.913,1.027,0.974,0.941
498,230,4993.609,3410,6450,0.940,1.151,0.869,0.954
499,425,5650.861,3414,7377,0.920,1.184,0.845,0.954
500,358,5375.316,3402,7382,0.907,1.216,0.822,0.937
501,408,4662.843,3386,6343,0.905,1.230,0.813,0.940
502,294,4578.578,3384,6058,0.881,1.401,0.714,0.930
503,238,5653.437,3392,8551,0.891,1.244,0.804,0.928
504,381,8633.066,3389,16042,0.838,1.235,0.810,0.915
505,490,5794.080,3398,7682,0.933,1.131,0.884,0.954
506,248,4881.032,3407,6749,0.921,1.131,0.884,0.929
507,276,4230.580,3402,5436,0.800,1.232,0.812,0.911
508,265,4315.917,3393,5778,0.895,1.227,0.815,0.914
509,488,4503.053,3382,5840,0.862,1.202,0.832,0.924
510,252,4843.857,3402,6369,0.935,1.100,0.909,0.932
511,305,4519.223,3384,5851,0.833,1.106,0.904,0.927
512,285,3923.793,3391,4983,0.812,1.249,0.801,0.911
513,324,4137.617,3399,5494,0.855,1.351,0.740,0.908
514,312,4707.035,3390,5872,0.925,1.229,0.813,0.953
515,453,6013.662,3382,8062,0.939,1.076,0.929,0.953
516,414,5377.928,3393,7403,0.939,1.180,0.848,0.953
517,267,3955.517,3403,5188,0.576,1.603,0.624,0.817
518,305,4065.807,3384,5301,0.738,1.275,0.784,0.891
519,272,4328.581,3398,5282,0.852,1.202,0.832,0.930
520,255,4394.949,3398,5456,0.816,1.326,0.754,0.901
521,266,4139.305,3387,5086,0.820,1.249,0.801,0.902
522,280,4590.818,3388,6149,0.935,1.157,0.864,0.938
523,280,4686.468,3410,6580,0.870,1.331,0.751,0.923
524,303,4016.858,3383,5178,0.735,1.196,0.836,0.863
525,273,4351.513,3391,5695,0.857,1.104,0.906,0.895
526,277,4975.469,3397,6595,0.943,1.123,0.890,0.939
527,252,4652.591,3396,5984,0.899,1.248,0.801,0.935
528,269,4934.327,3400,6893,0.926,1.157,0.864,0.928
529,315,4144.083,3409,5166,0.812,1.360,0.735,0.913
530,264,4370.439,3400,5562,0.881,1.135,0.881,0.931
531,442,5139.023,3386,6825,0.917,1.070,0.934,0.943
532,404,5177.822,3382,6883,0.883,1.131,0.884,0.927
533,363,4594.656,3390,5969,0.920,1.174,0.852,0.942
534,230,5510.000,3423,7535,0.886,1.234,0.811,0.922
535,283,4055.212,3409,4827,0.826,1.184,0.844,0.922
536,305,4097.508,3387,5144,0.750,1.391,0.719,0.904
537,483,4479.166,3402,6042,0.835,1.581,0.632,0.933
538,236,3771.936,3382,4388,0.590,1.225,0.816,0.835
539,278,4694.137,3399,6276,0.870,1.272,0.786,0.921
540,271,4915.048,3397,6497,0.898,1.305,0.766,0.934
541,357,4658.807,3397,6116,0.904,1.158,0.864,0.942
542,283,4088.989,3382,5408,0.634,1.317,0.759,0.889
543,277,3821.152,3385,4670,0.560,1.256,0.796,0.809
544,289,4196.076,3400,5289,0.722,1.283,0.779,0.899
545,348,4691.718,3388,5955,0.876,1.035,0.966,0.922
546,408,4552.870,3393,6303,0.886,1.277,0.783,0.932
547,285,4935.186,3405,6776,0.869,1.423,0.703,0.944
548,262,5023.023,3386,6604,0.916,1.038,0.964,0.934
549,368,5243.413,3413,6681,0.911,1.197,0.835,0.939
550,300,4529.650,3382,5943,0.922,1.254,0.797,0.945
551,276,4078.438,3389,5267,0.678,1.344,0.744,0.887
552,282,4125.812,3382,5341,0.705,1.280,0.781,0.866
553,255,4309.380,3391,5753,0.851,1.166,0.858,0.921
554,252,5919.389,3420,8258,0.951,1.073,0.932,0.947
555,387,4989.822,3411,6961,0.892,1.288,0.777,0.937
556,295,4524.766,3385,6063,0.893,1.099,0.910,0.916
557,250,3823.292,3402,4532,0.657,1.110,0.901,0.856
558,285,4602.249,3383,5881,0.885,1.263,0.792,0.930
559,273,3969.736,3384,4596,0.800,1.329,0.752,0.912
560,296,4143.503,3382,5293,0.802,1.380,0.725,0.893
561,297,4700.539,3385,6917,0.867,1.416,0.706,0.914
562,299,4255.398,3385,5519,0.765,1.345,0.743,0.894
563,266,5289.335,3387,7111,0.888,1.300,0.769,0.922
564,352,3902.213,3383,5075,0.686,1.457,0.686,0.899
565,303,4066.541,3388,5395,0.654,1.256,0.796,0.887
566,280,4278.468,3400,5390,0.705,1.446,0.692,0.892
567,265,5037.279,3387,6881,0.885,1.233,0.811,0.930
568,498,6267.777,3398,8428,0.921,1.158,0.864,0.955
569,252,4094.381,3386,5159,0.806,1.307,0.765,0.903
570,247,5390.170,3437,7172,0.899,1.111,0.900,0.932
571,299,4590.087,3392,6028,0.902,1.149,0.871,0.939
572,419,6079.499,3382,8711,0.896,1.320,0.757,0.943
573,226,6688.080,3403,10051,0.935,1.131,0.884,0.938
574,416,4688.329,3383,6751,0.855,1.435,0.697,0.935
575,440,5570.336,3394,7506,0.880,1.153,0.867,0.940
576,274,4292.843,3424,5298,0.867,1.610,0.621,0.930
577,298,4372.678,3392,5295,0.794,1.711,0.584,0.914
578,480,5549.442,3413,7368,0.870,1.341,0.745,0.944
579,478,5961.406,3389,8148,0.892,1.148,0.871,0.936
580,302,4213.450,3384,5372,0.833,1.283,0.780,0.912
581,285,4480.305,3425,6170,0.812,1.267,0.789,0.908
582,498,4631.187,3385,6388,0.830,1.386,0.721,0.928
583,277,4683.343,3399,6034,0.925,1.040,0.962,0.942
584,289,4215.118,3386,5701,0.803,1.138,0.879,0.878
585,266,6002.316,3410,8072,0.898,1.412,0.708,0.932
586,299,4486.328,3440,5368,0.902,1.392,0.718,0.945
587,440,7014.630,3382,10686,0.873,1.281,0.781,0.936
588,346,4610.965,3390,5946,0.891,1.077,0.929,0.934
589,382,4093.516,3385,5190,0.835,1.335,0.749,0.924
590,386,4651.746,3398,5931,0.801,1.539,0.650,0.923
591,305,3954.744,3383,5175,0.585,1.227,0.815,0.868
592,280,5327.114,3386,7061,0.971,1.206,0.829,0.952
593,271,4442.410,3412,5699,0.905,1.287,0.777,0.931
594,300,4096.110,3383,5109,0.768,1.139,0.878,0.909
595,445,5200.647,3382,6877,0.890,1.178,0.849,0.935
596,272,4162.169,3406,5377,0.780,1.320,0.758,0.917
597,181,3703.348,3383,4363,0.575,1.232,0.812,0.772
598,263,4954.373,3383,6721,0.895,1.124,0.890,0.926
599,264,4087.670,3389,5145,0.793,1.564,0.639,0.889
600,481,7497.879,3427,11349,0.884,1.097,0.912,0.938
601,417,5093.638,3393,6399,0.870,1.461,0.685,0.940
602,280,4782.768,3404,5945,0.877,1.288,0.777,0.929
603,252,5690.849,3393,7874,0.943,1.021,0.979,0.944
604,267,5350.663,3396,6972,0.934,1.209,0.827,0.942
605,252,5640.266,3400,7819,0.943,1.056,0.947,0.939
606,158,8703.285,3476,17326,0.852,1.706,0.586,0.924
607,320,4057.606,3384,5780,0.865,1.080,0.926,0.912
608,425,4186.602,3383,5490,0.757,1.448,0.690,0.899
609,309,4115.722,3395,5638,0.643,1.299,0.770,0.882
610,286,4582.556,3393,6067,0.795,1.669,0.599,0.899
611,336,4210.661,3394,5553,0.826,1.337,0.748,0.935
612,487,6190.318,3401,8723,0.914,1.197,0.836,0.949
613,232,3835.065,3384,4437,0.524,1.242,0.805,0.818
614,271,4526.074,3383,5906,0.871,1.235,0.809,0.930
615,301,3965.252,3384,5051,0.705,1.426,0.701,0.879
616,413,4823.673,3433,6851,0.902,1.250,0.800,0.938
617,319,5741.984,3405,7712,0.915,1.078,0.928,0.938
618,315,4197.622,3393,6016,0.851,1.286,0.778,0.921
619,196,7250.949,3403,11134,0.922,1.343,0.744,0.936
620,266,4584.060,3392,5541,0.881,1.168,0.856,0.911
621,319,3977.840,3387,4979,0.822,1.228,0.814,0.891
622,316,4430.756,3387,5885,0.836,1.187,0.843,0.921
623,354,4621.483,3395,6096,0.882,1.138,0.879,0.924
624,273,4585.337,3384,6090,0.871,1.536,0.651,0.932
625,388,5522.041,3398,7332,0.927,1.076,0.929,0.953
626,298,4919.946,3383,6450,0.926,1.251,0.799,0.940
627,419,6673.322,3418,9348,0.864,1.254,0.797,0.943
628,224,3774.018,3382,4428,0.525,1.105,0.905,0.767
629,367,8674.406,3385,16487,0.694,1.751,0.571,0.847
630,266,4245.534,3390,5587,0.905,1.296,0.771,0.937
631,290,4580.203,3395,6064,0.878,1.520,0.658,0.932
632,278,3942.730,3385,4751,0.711,1.201,0.833,0.891
633,325,5421.766,3389,7190,0.887,1.116,0.896,0.927
634,270,4164.630,3382,5138,0.732,1.487,0.673,0.887
635,283,4248.996,3389,5785,0.773,1.170,0.855,0.904
636,404,4503.993,3400,5865,0.845,1.374,0.728,0.927
637,289,4442.803,3382,6071,0.898,1.373,0.728,0.929
638,363,5077.441,3385,6620,0.926,1.162,0.861,0.947
639,319,3955.962,3390,4906,0.644,1.455,0.687,0.886
640,273,3778.784,3388,5089,0.694,1.350,0.741,0.872
641,442,6935.939,3386,9473,0.917,1.113,0.899,0.950
642,312,4091.619,3383,5138,0.785,1.328,0.753,0.911
643,272,4244.588,3382,5336,0.691,1.460,0.685,0.879
644,299,5117.201,3397,6897,0.919,1.342,0.745,0.945
645,236,3954.102,3383,5115,0.567,1.290,0.775,0.827
646,466,5241.361,3410,6813,0.932,1.101,0.908,0.952
647,496,5817.798,3407,8980,0.524,2.408,0.415,0.810
648,301,4890.216,3402,6226,0.908,1.159,0.863,0.939
649,272,4283.037,3388,5439,0.823,1.276,0.784,0.920
650,500,5771.066,3383,8184,0.946,1.141,0.876,0.955
651,277,3783.458,3391,5034,0.665,1.444,0.693,0.858
652,368,4757.416,3386,6526,0.890,1.267,0.789,0.935
653,364,4780.041,3389,6230,0.828,1.497,0.668,0.916
654,283,4507.926,3408,5952,0.920,1.182,0.846,0.943
655,297,4034.519,3386,5192,0.771,1.427,0.701,0.897
656,362,6754.387,3427,9491,0.933,1.065,0.939,0.941
657,261,4682.977,3432,6082,0.888,1.245,0.803,0.926
658,276,3890.949,3383,5226,0.632,1.535,0.651,0.836
659,280,4061.700,3385,5113,0.778,1.078,0.928,0.912
660,419,4114.442,3382,5168,0.793,1.232,0.812,0.916
661,269,4575.030,3399,5824,0.959,1.039,0.962,0.946
662,275,4202.305,3389,5482,0.711,1.232,0.812,0.872
663,433,6487.767,3403,9609,0.926,1.165,0.859,0.946
664,493,6102.008,3385,8521,0.901,1.187,0.843,0.941
665,276,5188.478,3440,7467,0.939,1.163,0.860,0.942
666,294,4961.156,3383,6477,0.897,1.091,0.916,0.927
667,282,4197.270,3395,5361,0.851,1.174,0.852,0.911
668,305,4731.098,3388,6222,0.897,1.104,0.905,0.931
669,392,3959.089,3382,5128,0.594,1.700,0.588,0.868
670,216,6641.870,3415,9802,0.933,1.182,0.846,0.929
671,317,4120.259,3384,5121,0.881,1.300,0.769,0.911
672,469,5129.719,3385,6659,0.933,1.142,0.876,0.951
673,426,7137.843,3389,10108,0.905,1.354,0.739,0.944
674,185,7582.659,3417,12443,0.919,1.333,0.750,0.939
675,356,4186.520,3387,5357,0.820,1.436,0.696,0.921
676,151,9155.881,3415,17202,0.855,1.645,0.608,0.910
677,248,3906.806,3390,4831,0.645,1.309,0.764,0.848
678,447,6473.980,3408,8969,0.908,1.138,0.879,0.942
679,285,4450.418,3395,5584,0.863,1.211,0.826,0.919
680,303,4429.026,3385,5453,0.885,1.255,0.797,0.925
681,304,4279.382,3387,5625,0.866,1.179,0.848,0.920
682,423,4737.071,3384,6165,0.831,1.286,0.777,0.920
683,347,6482.723,3459,8907,0.938,1.144,0.874,0.947
684,275,5291.225,3388,7456,0.918,1.078,0.927,0.931
685,318,4554.057,3382,6015,0.868,1.128,0.887,0.920
686,335,5579.251,3416,6994,0.875,1.179,0.848,0.938
687,375,4642.163,3382,6189,0.864,1.210,0.826,0.926
688,325,3932.397,3384,4926,0.712,1.181,0.847,0.858
689,303,4215.086,3389,5520,0.827,1.256,0.796,0.920
690,430,7317.474,3395,13172,0.575,2.575,0.388,0.838
691,372,5709.395,3395,8399,0.912,1.281,0.781,0.944
692,376,4249.934,3384,5830,0.775,1.214,0.824,0.903
693,430,5032.209,3414,6618,0.919,1.347,0.743,0.953
694,433,7235.245,3383,12928,0.866,1.176,0.850,0.935
695,320,4301.650,3392,5314,0.895,1.324,0.755,0.932
696,321,4107.050,3386,5656,0.855,1.160,0.862,0.916
697,370,4624.257,3382,6272,0.866,1.216,0.822,0.937
698,155,8949.477,3385,16613,0.847,1.682,0.594,0.906
699,415,5286.094,3384,7313,0.887,1.361,0.735,0.943
700,329,5873.188,3406,8388,0.868,1.100,0.909,0.922
701,309,4930.000,3387,6932,0.916,1.136,0.880,0.945
702,430,5684.428,3396,7389,0.886,1.299,0.770,0.942
703,303,4586.809,3391,5797,0.848,1.416,0.706,0.918
704,347,6274.300,3408,8923,0.879,1.245,0.803,0.928
705,281,4696.502,3405,6199,0.903,1.197,0.836,0.940
706,248,5448.488,3393,7300,0.947,1.194,0.838,0.941
707,429,6993.953,3395,10436,0.884,1.330,0.752,0.940
708,365,4931.677,3390,6278,0.895,1.253,0.798,0.934
709,317,4160.274,3382,5582,0.686,1.282,0.780,0.885
710,291,4254.076,3385,5355,0.775,1.152,0.868,0.905
711,289,3843.228,3384,4619,0.647,1.452,0.689,0.863
712,276,5157.562,3401,7228,0.939,1.170,0.855,0.939
713,316,5892.991,3389,8009,0.900,1.106,0.904,0.927
714,319,4269.925,3384,5416,0.893,1.353,0.739,0.945
715,318,4483.396,3385,5658,0.875,1.192,0.839,0.933
716,417,5969.571,3444,8602,0.878,1.202,0.832,0.934
717,300,4831.330,3390,6812,0.876,1.175,0.851,0.929
718,306,4220.042,3392,5364,0.863,1.366,0.732,0.929
719,324,4384.852,3382,5373,0.802,1.225,0.816,0.918
720,490,6267.080,3422,8555,0.919,1.151,0.869,0.951
721,318,4012.346,3383,5224,0.819,1.205,0.830,0.907
722,458,6345.581,3389,8813,0.766,1.704,0.587,0.894
723,319,4157.602,3389,5722,0.771,1.161,0.862,0.901
724,296,4459.669,3399,5685,0.887,1.415,0.707,0.934
725,242,5784.463,3393,8068,0.932,1.081,0.925,0.938
726,324,4408.880,3382,5411,0.913,1.208,0.828,0.942
727,295,4789.942,3401,6984,0.840,1.408,0.710,0.919
728,420,6840.829,3392,12306,0.909,1.322,0.756,0.952
729,464,6636.892,3429,9535,0.915,1.125,0.889,0.951
730,269,4605.606,3396,5988,0.842,1.334,0.749,0.920
731,319,5824.890,3382,8194,0.922,1.141,0.877,0.947
732,461,6089.512,3415,7936,0.901,1.209,0.827,0.952
733,407,4905.865,3413,6632,0.889,1.176,0.851,0.937
734,310,3905.026,3388,4693,0.549,1.108,0.902,0.854
735,320,4427.172,3390,5637,0.895,1.239,0.807,0.930
736,325,4336.009,3387,5634,0.846,1.329,0.753,0.921
737,460,4818.165,3384,6570,0.896,1.057,0.946,0.931
738,254,5683.224,3393,7791,0.906,1.172,0.853,0.934
739,309,4525.379,3384,5987,0.902,1.056,0.947,0.928
740,305,4280.184,3396,5565,0.847,1.121,0.892,0.938
741,308,4495.318,3400,5824,0.884,1.142,0.876,0.922
742,318,4215.613,3394,5283,0.853,1.396,0.716,0.931
743,307,4789.909,3388,6040,0.903,1.042,0.959,0.933
744,321,5781.757,3417,8066,0.937,1.077,0.929,0.944
745,328,4270.573,3386,5652,0.812,1.171,0.854,0.914
746,310,5123.423,3392,7267,0.889,1.471,0.680,0.945
747,283,4861.989,3408,6228,0.910,1.063,0.941,0.945
748,354,4692.554,3383,6464,0.897,1.279,0.782,0.934
749,303,4521.261,3385,5736,0.891,1.141,0.876,0.927
750,408,6414.765,3392,9140,0.940,1.235,0.809,0.954
751,286,5018.500,3388,6229,0.857,1.080,0.926,0.914
752,454,5949.681,3385,7883,0.906,1.104,0.905,0.955
753,294,4805.548,3388,6369,0.928,1.234,0.811,0.948
754,186,7789.188,3384,13545,0.886,1.285,0.778,0.905
755,288,4478.500,3390,5689,0.895,1.109,0.902,0.920
756,274,5018.142,3401,6535,0.951,1.193,0.838,0.943
757,362,4640.616,3391,6103,0.902,1.304,0.767,0.935
758,301,4587.983,3387,5659,0.879,1.303,0.768,0.926
759,327,4867.872,3398,6241,0.928,1.110,0.901,0.952
760,323,4222.099,3384,5108,0.882,1.267,0.789,0.929
761,352,4702.051,3400,6068,0.857,1.367,0.732,0.940
762,331,4357.870,3400,5640,0.859,1.010,0.990,0.928
763,285,5721.993,3383,8482,0.854,1.601,0.624,0.933
764,280,5214.993,3403,6953,0.927,1.131,0.884,0.933
765,442,4566.747,3383,5736,0.917,1.045,0.957,0.951
766,459,5795.434,3395,8408,0.905,1.186,0.843,0.944
767,307,4372.573,3383,5395,0.890,1.325,0.755,0.921
768,322,5606.012,3383,8316,0.917,1.219,0.821,0.933
769,282,4798.131,3386,5956,0.893,1.167,0.857,0.929
770,329,4329.605,3407,5656,0.898,1.188,0.842,0.931
771,199,7311.990,3419,10845,0.915,1.157,0.864,0.923
772,274,5316.555,3412,6859,0.915,1.256,0.796,0.935
773,276,5914.094,3396,8717,0.904,1.256,0.796,0.932
774,293,4737.468,3387,6743,0.841,1.122,0.891,0.917
775,435,7386.326,3476,13667,0.811,1.505,0.665,0.910
776,283,4575.025,3383,6004,0.848,1.189,0.841,0.934
777,343,5416.015,3395,7555,0.937,1.162,0.860,0.948
778,292,5032.812,3389,6772,0.931,1.195,0.837,0.937
779,308,4524.971,3408,5999,0.853,1.223,0.818,0.939
780,345,4899.736,3395,6618,0.889,1.240,0.806,0.935
781,351,4537.661,3413,5617,0.889,1.310,0.763,0.934
782,489,5136.524,3382,6780,0.852,1.247,0.802,0.941
783,318,5514.613,3439,7220,0.912,1.043,0.959,0.934
784,402,4723.211,3400,6365,0.892,1.448,0.690,0.940
785,486,6486.747,3394,9050,0.912,1.102,0.907,0.947
786,275,5241.244,3386,7412,0.933,1.103,0.906,0.958
787,372,4442.368,3389,5408,0.831,1.511,0.662,0.929
788,285,5065.189,3395,7162,0.933,1.146,0.873,0.944
789,354,4218.393,3389,5654,0.803,1.423,0.702,0.921
790,295,4556.441,3398,5809,0.890,1.195,0.837,0.932
791,250,4038.976,3390,4791,0.597,1.696,0.590,0.833
792,492,5612.707,3427,7635,0.874,1.262,0.792,0.934
793,439,6376.100,3416,8909,0.924,1.129,0.886,0.944
794,336,5429.077,3399,7071,0.931,1.186,0.843,0.952
795,294,3938.187,3390,5000,0.621,1.564,0.639,0.834
796,377,4502.886,3388,5704,0.855,1.315,0.761,0.939
797,293,4374.164,3398,5753,0.856,1.361,0.735,0.920
798,301,4755.927,3399,6625,0.864,1.308,0.765,0.930
799,285,4006.639,3384,4854,0.820,1.259,0.794,0.900
800,354,4325.133,3383,5721,0.805,1.099,0.910,0.915
801,490,4428.229,3395,5627,0.883,1.240,0.806,0.944
802,325,3947.034,3383,4763,0.779,1.213,0.824,0.908
803,467,6696.167,3413,9864,0.894,1.216,0.822,0.949
804,489,6466.548,3424,9420,0.852,1.231,0.812,0.934
805,319,4472.498,3428,5691,0.956,1.225,0.817,0.955
806,308,4379.614,3387,5447,0.841,1.150,0.870,0.913
807,317,4425.937,3390,5967,0.878,1.227,0.815,0.946
808,294,4718.228,3404,5940,0.890,1.113,0.899,0.929
809,324,4143.460,3392,5589,0.701,1.118,0.894,0.890
810,436,4508.553,3382,5892,0.756,1.220,0.820,0.922
811,315,4379.705,3385,5805,0.851,1.507,0.664,0.936
812,474,6691.426,3399,9318,0.902,1.159,0.863,0.945
813,391,7972.560,3387,11677,0.922,1.076,0.930,0.944
814,382,4618.387,3386,6101,0.861,1.111,0.900,0.925
815,311,4545.193,3387,6295,0.864,1.303,0.768,0.923
816,303,4133.710,3388,5419,0.768,1.287,0.777,0.907
817,497,6542.885,3394,11844,0.854,1.151,0.869,0.920
818,296,4540.422,3401,5757,0.927,1.067,0.937,0.940
819,311,5406.331,3398,7977,0.918,1.128,0.887,0.934
820,440,5198.398,3446,7007,0.899,1.259,0.794,0.946
821,331,4170.015,3388,5218,0.853,1.216,0.823,0.921
822,302,4679.563,3386,6157,0.860,1.161,0.861,0.918
823,408,7766.605,3392,10954,0.905,1.194,0.837,0.939
824,292,4960.288,3386,6653,0.914,1.162,0.860,0.936
825,325,4197.797,3383,5771,0.858,1.390,0.720,0.922
826,207,6927.826,3400,10714,0.831,1.234,0.810,0.896
827,304,4530.184,3424,5561,0.888,1.210,0.826,0.935
828,474,4565.371,3387,5902,0.755,1.393,0.718,0.894
829,433,3885.855,3394,4621,0.749,1.119,0.894,0.902
830,308,4671.607,3386,5965,0.847,1.357,0.737,0.932
831,464,6389.058,3385,8917,0.928,1.169,0.855,0.953
832,353,4074.720,3387,5385,0.859,1.157,0.865,0.925
833,465,4606.802,3382,6464,0.857,1.267,0.789,0.936
834,354,4118.641,3391,5147,0.882,1.187,0.842,0.937
835,313,4640.725,3404,5935,0.931,1.088,0.919,0.941
836,302,4843.874,3393,6215,0.869,1.217,0.821,0.931
837,312,4777.061,3402,6494,0.823,1.272,0.786,0.924
838,306,4870.157,3395,6733,0.871,1.108,0.903,0.923
839,343,4661.327,3387,6015,0.905,1.162,0.861,0.932
840,349,4616.779,3398,6060,0.844,1.290,0.775,0.927
841,305,4667.046,3391,6288,0.875,1.032,0.969,0.921
842,383,4070.399,3382,4957,0.787,1.142,0.876,0.907
843,339,4065.835,3385,5429,0.776,1.167,0.857,0.913
844,183,7101.213,3426,11228,0.901,1.294,0.773,0.917
845,299,3841.124,3385,4747,0.627,1.467,0.682,0.845
846,348,5168.118,3384,6834,0.925,1.118,0.895,0.951
847,280,3883.236,3383,4663,0.609,1.400,0.714,0.856
848,323,4143.947,3391,5245,0.753,1.218,0.821,0.897
849,290,5131.514,3389,7375,0.918,1.275,0.784,0.932
850,304,4051.628,3387,5004,0.802,1.139,0.878,0.901
851,309,4625.217,3405,6152,0.902,1.105,0.905,0.920
852,387,4206.457,3383,5248,0.853,1.130,0.885,0.915
853,299,4898.120,3402,6542,0.936,1.180,0.847,0.945
854,373,4442.753,3397,5967,0.900,1.201,0.833,0.940
855,249,6036.574,3426,8194,0.895,1.109,0.902,0.922
856,229,6698.646,3400,9479,0.939,1.154,0.866,0.935
857,214,6946.187,3394,10538,0.945,1.193,0.838,0.939
858,294,5591.779,3390,7915,0.955,1.088,0.919,0.945
859,441,4585.179,3388,6141,0.829,1.256,0.796,0.916
860,309,4373.453,3384,5548,0.886,1.154,0.867,0.922
861,461,5370.386,3389,7577,0.909,1.204,0.830,0.947
862,318,4411.701,3393,5654,0.938,1.165,0.859,0.944
863,294,4851.350,3395,6893,0.887,1.074,0.932,0.925
864,321,4205.586,3395,5128,0.898,1.189,0.841,0.930
865,357,5375.345,3435,7763,0.942,1.113,0.898,0.946
866,311,4439.363,3389,5725,0.807,1.641,0.610,0.917
867,326,4241.847,3389,5402,0.781,1.222,0.818,0.913
868,324,4213.383,3385,5421,0.618,1.280,0.781,0.891
869,326,5428.239,3386,7610,0.926,1.240,0.806,0.950
870,421,4162.287,3385,5444,0.862,1.167,0.857,0.920
871,372,4424.664,3385,5631,0.813,1.282,0.780,0.927
872,321,5292.262,3393,7320,0.928,1.175,0.851,0.948
873,331,3877.785,3383,4703,0.709,1.424,0.702,0.855
874,308,4688.393,3395,6466,0.947,1.059,0.944,0.946
875,325,4371.658,3399,5980,0.818,1.346,0.743,0.921
876,305,4847.869,3383,6309,0.930,1.120,0.893,0.937
877,327,3966.239,3384,4905,0.809,1.374,0.728,0.907
878,441,8215.435,3410,15014,0.788,1.304,0.767,0.894
879,290,4009.590,3382,5157,0.742,1.252,0.799,0.902
880,338,5472.849,3395,7362,0.930,1.058,0.945,0.942
881,308,4512.448,3383,5968,0.850,1.286,0.778,0.925
882,323,3990.653,3385,4925,0.761,1.139,0.878,0.907
883,289,5056.557,3453,6684,0.922,1.139,0.878,0.935
884,382,4876.309,3445,7365,0.907,1.162,0.861,0.950
885,386,3900.171,3383,5063,0.756,1.212,0.825,0.898
886,312,4105.054,3389,5450,0.817,1.284,0.779,0.912
887,321,4268.115,3396,5761,0.862,1.202,0.832,0.917
888,182,8286.742,3384,13694,0.884,1.434,0.697,0.926
889,469,5384.629,3389,7099,0.917,1.131,0.884,0.951
890,327,5173.602,3390,7114,0.899,1.149,0.870,0.932
891,332,4021.566,3383,4885,0.798,1.132,0.884,0.894
892,292,4989.418,3405,6765,0.907,1.111,0.900,0.930
893,346,4252.361,3383,5251,0.877,1.184,0.844,0.941
894,489,4673.967,3383,5937,0.847,1.125,0.889,0.940
895,328,4603.308,3406,6215,0.865,1.347,0.743,0.923
896,348,4377.618,3393,5818,0.847,1.099,0.910,0.924
897,326,4954.199,3395,6655,0.935,1.080,0.926,0.938
898,464,5515.267,3385,7914,0.915,1.198,0.835,0.951
899,295,4723.210,3387,6475,0.900,1.276,0.784,0.931
900,236,6368.242,3428,8876,0.948,1.205,0.830,0.937
901,361,6264.784,3393,8823,0.927,1.156,0.865,0.951
902,333,4073.120,3405,5103,0.824,1.066,0.938,0.902
903,434,6890.306,3420,9336,0.922,1.136,0.880,0.943
904,428,6723.215,3382,9532,0.941,1.144,0.874,0.956
905,341,5064.534,3389,6815,0.893,1.152,0.868,0.925
906,323,4420.043,3390,5831,0.858,1.144,0.874,0.946
907,455,6529.396,3383,10226,0.938,1.139,0.878,0.950
908,303,4178.670,3383,5393,0.821,1.108,0.902,0.907
909,307,4232.495,3383,5784,0.726,1.320,0.758,0.880
910,283,5238.597,3443,6885,0.927,1.070,0.935,0.946
911,314,5524.475,3387,7601,0.920,1.113,0.898,0.935
912,333,4041.324,3384,5440,0.787,1.167,0.857,0.888
913,268,5666.925,3402,7770,0.888,1.149,0.871,0.931
914,484,5614.079,3404,7566,0.877,1.258,0.795,0.944
915,456,6625.689,3422,8950,0.932,1.137,0.880,0.955
916,316,4205.123,3388,5431,0.745,1.189,0.841,0.889
917,287,5446.648,3420,7520,0.922,1.240,0.806,0.950
918,307,4612.020,3383,6616,0.927,1.085,0.922,0.949
919,324,5583.994,3382,7479,0.923,1.107,0.903,0.945
920,455,4488.679,3387,5654,0.844,1.128,0.886,0.919
921,330,4195.709,3387,5696,0.773,1.629,0.614,0.899
922,289,5037.495,3433,6829,0.888,1.154,0.867,0.940
923,411,7806.046,3390,11189,0.953,1.166,0.858,0.959
924,466,6864.129,3383,19824,0.775,1.496,0.669,0.883
925,460,3954.465,3382,4945,0.511,1.313,0.761,0.862
926,333,4079.736,3389,5132,0.819,1.211,0.826,0.907
927,302,4590.748,3390,6433,0.928,1.119,0.894,0.936
928,389,8060.177,3389,12291,0.926,1.116,0.896,0.940
929,356,5797.860,3421,7776,0.930,1.185,0.844,0.952
930,454,6382.934,3424,9194,0.871,1.183,0.845,0.934
931,332,5037.190,3401,7238,0.876,1.403,0.713,0.938
932,485,6118.571,3395,15038,0.596,1.888,0.530,0.823
933,441,6373.066,3390,9594,0.888,1.154,0.867,0.949
934,332,5414.470,3394,7663,0.897,1.060,0.943,0.926
935,321,5275.134,3385,6964,0.921,1.044,0.958,0.944
936,366,4241.954,3383,5158,0.830,1.217,0.822,0.913
937,406,4299.584,3387,5361,0.798,1.057,0.947,0.914
938,411,4528.338,3385,5726,0.879,1.344,0.744,0.934
939,470,7175.655,3391,10362,0.919,1.136,0.880,0.955
940,271,5337.491,3417,7035,0.922,1.169,0.855,0.936
941,303,4585.079,3393,5824,0.908,1.183,0.845,0.928
942,495,4289.853,3386,5435,0.814,1.176,0.850,0.933
943,289,5039.713,3402,6635,0.888,1.331,0.751,0.937
944,299,3685.221,3385,4490,0.518,1.257,0.795,0.787
945,327,5675.208,3400,7784,0.922,1.166,0.858,0.942
946,304,4422.586,3386,5487,0.851,1.157,0.864,0.927
947,280,4938.229,3389,6702,0.935,1.150,0.870,0.941
948,339,4862.714,3390,6826,0.888,1.019,0.981,0.921
949,452,6711.042,3410,9511,0.910,1.162,0.861,0.948
950,494,5595.158,3384,7808,0.901,1.023,0.978,0.948
951,456,6764.173,3395,10458,0.926,1.070,0.935,0.949
952,306,4554.422,3387,6046,0.863,1.219,0.820,0.929
953,414,6053.556,3505,8245,0.937,1.190,0.840,0.964
954,472,6827.337,3402,9964,0.891,1.270,0.787,0.945
955,332,4396.482,3385,6245,0.870,1.296,0.772,0.922
956,406,8509.404,3398,15347,0.784,1.449,0.690,0.901
957,366,5232.036,3388,6888,0.883,1.276,0.784,0.937
958,323,4007.978,3387,5069,0.794,1.348,0.742,0.903
959,467,5150.895,3389,6994,0.884,1.220,0.820,0.936
960,356,4409.205,3387,5828,0.839,1.219,0.820,0.927
961,290,4651.948,3384,6217,0.847,1.225,0.816,0.929
962,305,4923.616,3400,6365,0.923,1.121,0.892,0.936
963,493,7577.241,3382,11601,0.894,1.188,0.842,0.949
964,336,4041.238,3387,5201,0.769,1.259,0.794,0.907
965,399,5714.316,3420,7724,0.926,1.220,0.819,0.950
966,312,4016.256,3384,4865,0.708,1.696,0.590,0.864
967,312,4183.138,3386,5446,0.826,1.458,0.686,0.911
968,271,4980.520,3402,6162,0.905,1.230,0.813,0.926
969,494,6257.947,3414,8404,0.890,1.276,0.784,0.943
970,367,5255.907,3400,7582,0.900,1.104,0.906,0.943
971,461,6289.464,3385,8633,0.922,1.130,0.885,0.953
972,322,5413.466,3409,7262,0.940,1.178,0.849,0.946
973,341,5116.434,3393,6902,0.931,1.125,0.889,0.942
974,435,6805.676,3450,9964,0.918,1.196,0.836,0.945
975,416,4618.565,3413,6587,0.876,1.191,0.840,0.929
976,480,6453.685,3392,8945,0.901,1.131,0.884,0.941
977,363,4147.592,3383,5331,0.705,1.152,0.868,0.878
978,309,4583.362,3384,5936,0.919,1.271,0.787,0.932
979,425,4927.546,3388,6828,0.871,1.286,0.778,0.929
980,306,4222.131,3408,5212,0.815,1.254,0.797,0.912
981,316,4156.373,3398,5359,0.806,1.201,0.833,0.912
982,318,4369.469,3388,5506,0.833,1.240,0.807,0.928
983,293,3906.522,3384,4674,0.871,1.209,0.827,0.914
984,458,6387.245,3404,8652,0.911,1.162,0.861,0.943
985,347,4146.274,3389,5185,0.845,1.307,0.765,0.924
986,460,7207.746,3412,10209,0.907,1.101,0.909,0.948
987,190,7905.458,3410,12040,0.854,1.465,0.683,0.911
988,475,6706.907,3419,9786,0.896,1.071,0.934,0.950
989,400,4565.752,3404,6071,0.902,1.162,0.860,0.933
990,372,4706.645,3399,6348,0.877,1.117,0.895,0.935
991,188,7665.117,3444,11455,0.934,1.375,0.727,0.949
992,282,4818.986,3389,6749,0.916,1.186,0.843,0.932
993,450,6488.780,3383,9336,0.869,1.057,0.946,0.932
994,296,4870.926,3404,6802,0.937,1.191,0.839,0.935
995,311,5211.505,3399,6627,0.868,1.518,0.659,0.947
996,317,4115.375,3386,5011,0.845,1.442,0.693,0.922
997,287,5022.686,3383,6972,0.940,1.088,0.919,0.944
998,370,6216.246,3382,9216,0.907,1.106,0.904,0.939
999,469,8172.399,3383,12455,0.925,1.142,0.876,0.953
1000,287,5093.533,3394,6384,0.933,1.100,0.909,0.938
1001,198,7629.798,3436,12021,0.902,1.194,0.838,0.927
1002,435,4702.248,3383,6492,0.858,1.458,0.686,0.946
1003,306,4994.284,3392,6643,0.910,1.115,0.896,0.932
1004,271,3895.982,3386,4791,0.547,1.380,0.725,0.867
1005,295,5579.949,3469,7403,0.900,1.141,0.876,0.932
1006,282,5732.096,3382,7743,0.909,1.353,0.739,0.935
1007,296,4808.034,3389,6855,0.937,1.134,0.882,0.935
1008,378,4547.476,3387,5743,0.852,1.470,0.680,0.932
1009,463,6666.302,3394,9587,0.907,1.140,0.878,0.946
1010,361,4592.175,3388,6236,0.832,1.124,0.890,0.932
1011,436,5553.163,3428,7613,0.860,1.444,0.693,0.940
1012,320,4595.331,3407,6296,0.902,1.247,0.802,0.936
1013,420,7195.783,3386,10976,0.938,1.082,0.924,0.952
1014,377,4049.753,3384,5460,0.641,1.297,0.771,0.879
1015,262,4901.500,3393,6312,0.942,1.042,0.959,0.948
1016,426,6982.401,3416,10227,0.905,1.125,0.889,0.938
1017,258,5098.023,3390,6726,0.920,1.097,0.912,0.940
1018,272,5733.147,3465,7646,0.978,1.117,0.895,0.959
1019,466,4622.627,3385,5855,0.876,1.060,0.943,0.936
1020,332,5405.654,3402,8265,0.922,1.085,0.921,0.935
1021,370,4474.932,3384,5631,0.858,1.053,0.950,0.938
1022,271,5036.886,3422,6565,0.922,1.051,0.952,0.934
1023,318,4405.421,3387,5974,0.853,1.055,0.948,0.916
1024,444,4317.428,3390,5470,0.870,1.141,0.876,0.944
1025,470,6559.526,3399,9881,0.921,1.182,0.846,0.949
1026,409,9365.328,3394,17530,0.780,1.100,0.909,0.889
1027,274,5064.814,3420,7660,0.907,1.121,0.892,0.935
1028,267,5100.970,3414,6754,0.909,1.209,0.827,0.930
1029,388,6231.866,3394,8715,0.936,1.188,0.841,0.953
1030,344,5339.971,3382,7060,0.914,1.187,0.842,0.945
1031,496,7553.730,3426,11114,0.917,1.065,0.939,0.949
1032,346,4690.829,3382,6853,0.718,2.004,0.499,0.908
1033,291,4313.546,3386,5536,0.803,1.446,0.692,0.909
1034,341,4490.411,3389,5722,0.900,1.074,0.931,0.938
1035,262,4990.046,3398,6735,0.868,1.516,0.660,0.924
1036,307,3952.391,3396,4930,0.785,1.606,0.623,0.902
1037,353,5686.028,3386,7427,0.916,1.254,0.798,0.946
1038,160,10005.237,3390,20161,0.814,1.666,0.600,0.889
1039,305,5365.036,3397,6932,0.914,1.035,0.966,0.933
1040,251,5509.239,3417,7368,0.913,1.177,0.850,0.930
1041,315,5631.902,3396,7748,0.881,1.491,0.671,0.935
1042,308,6242.468,3408,9166,0.923,1.196,0.836,0.940
1043,359,5518.663,3403,7983,0.916,1.205,0.830,0.941
1044,241,5579.813,3428,7716,0.902,1.005,0.995,0.923
1045,301,4413.066,3384,5772,0.848,1.036,0.965,0.919
1046,292,4934.521,3383,6667,0.931,1.158,0.863,0.939
1047,379,4255.673,3393,5497,0.703,1.746,0.573,0.889
1048,276,3938.707,3383,4912,0.628,1.612,0.620,0.830
1049,350,9558.734,3384,20960,0.899,1.301,0.769,0.949
1050,366,10396.202,3397,19458,0.871,1.446,0.692,0.935
1051,316,4735.285,3383,6102,0.923,1.143,0.875,0.936
1052,405,4047.570,3388,5132,0.736,1.174,0.852,0.906
1053,474,4886.764,3384,6962,0.884,1.071,0.933,0.946
1054,359,5541.198,3399,7936,0.947,1.140,0.877,0.948
1055,436,5967.794,3382,7929,0.918,1.111,0.900,0.945
1056,430,7399.960,3403,13783,0.823,1.649,0.606,0.934
1057,310,4199.861,3408,5797,0.799,1.157,0.864,0.920
1058,497,6869.537,3405,9497,0.919,1.216,0.822,0.955
1059,260,5496.227,3394,7458,0.927,1.060,0.943,0.932
1060,211,8777.000,3386,14263,0.970,1.172,0.853,0.950
1061,431,5934.608,3471,8662,0.921,1.223,0.818,0.948
1062,465,5000.394,3384,6921,0.833,1.405,0.712,0.928
1063,275,5176.102,3392,7304,0.918,1.191,0.840,0.935
1064,356,5533.261,3444,7538,0.939,1.141,0.877,0.948
1065,272,5406.408,3407,7091,0.926,1.121,0.892,0.935
1066,391,11128.788,3390,31884,0.576,1.709,0.585,0.805
1067,174,8226.557,3383,13631,0.873,1.467,0.682,0.933
1068,354,10501.110,3385,25155,0.780,1.483,0.674,0.907
1069,185,7785.962,3401,14416,0.843,1.521,0.657,0.905
1070,300,4331.293,3387,5813,0.876,1.258,0.795,0.927
1071,315,6254.460,3384,8705,0.944,1.166,0.857,0.950
1072,280,5112.286,3408,6997,0.924,1.305,0.766,0.949
1073,377,4279.257,3386,5590,0.772,1.365,0.732,0.900
1074,464,7120.623,3443,10412,0.901,1.154,0.867,0.945
1075,202,9201.851,3386,16982,0.865,1.608,0.622,0.916
1076,439,6908.191,3387,9646,0.919,1.059,0.944,0.943
1077,286,4356.388,3382,5408,0.806,1.512,0.662,0.915
1078,419,4579.788,3399,6348,0.833,1.290,0.775,0.943
1079,496,5805.710,3382,9178,0.803,1.691,0.592,0.915
1080,401,4455.656,3382,5743,0.682,1.283,0.780,0.892
1081,402,6391.634,3454,9850,0.926,1.184,0.845,0.946
1082,280,5029.971,3393,6670,0.910,1.303,0.768,0.930
1083,283,4184.544,3383,5271,0.712,1.550,0.645,0.896
1084,243,5514.173,3392,8134,0.860,1.275,0.784,0.908
1085,364,5321.909,3413,7615,0.929,1.139,0.878,0.947
1086,410,4930.849,3384,6921,0.902,1.119,0.894,0.938
1087,484,6134.048,3432,8837,0.908,1.219,0.820,0.947
1088,442,4870.305,3397,6268,0.909,1.217,0.822,0.951
1089,302,4481.106,3385,5705,0.938,1.091,0.917,0.944
1090,497,5931.909,3397,8084,0.896,1.186,0.843,0.945
1091,377,5980.870,3387,8428,0.924,1.231,0.813,0.947
1092,287,4924.540,3417,6641,0.915,1.274,0.785,0.941
1093,408,4702.880,3386,6426,0.920,1.050,0.952,0.941
1094,255,5412.616,3464,7576,0.935,1.096,0.912,0.946
1095,410,5917.907,3383,8566,0.896,1.173,0.852,0.947
1096,291,10538.601,3407,22338,0.734,2.162,0.462,0.900
1097,280,4649.825,3399,6077,0.886,1.132,0.883,0.927
1098,275,4834.735,3399,6430,0.877,1.665,0.601,0.945
1099,355,11200.524,3384,33414,0.813,1.057,0.946,0.911
1100,294,4784.738,3395,6373,0.913,1.252,0.799,0.933
1101,266,4741.902,3388,6762,0.826,1.342,0.745,0.911
1102,420,4816.545,3442,6496,0.918,1.046,0.956,0.941
1103,293,4413.123,3383,5983,0.794,1.238,0.808,0.924
1104,379,4897.063,3388,6633,0.917,1.102,0.907,0.948
1105,326,4301.043,3387,5563,0.788,1.426,0.701,0.913
1106,300,4536.857,3386,5872,0.905,1.309,0.764,0.945
1107,491,7968.695,3385,11464,0.935,1.116,0.896,0.953
1108,301,4748.708,3389,6697,0.870,1.272,0.786,0.928
1109,278,4553.777,3384,6253,0.842,1.293,0.773,0.927
1110,482,5958.189,3447,8648,0.886,1.282,0.780,0.949
1111,316,5143.854,3391,6757,0.891,1.331,0.751,0.938
1112,496,4774.448,3404,5846,0.912,1.128,0.887,0.947
1113,296,4776.355,3404,6071,0.944,1.154,0.867,0.944
1114,285,5009.646,3388,6701,0.926,1.232,0.812,0.938
1115,487,5504.832,3382,8470,0.914,1.196,0.836,0.952
1116,299,4750.977,3406,6382,0.889,1.286,0.778,0.923
1117,288,5313.146,3409,6984,0.943,1.154,0.867,0.947
1118,308,3974.169,3388,4681,0.701,1.567,0.638,0.866
1119,343,4691.306,3387,6593,0.884,1.123,0.890,0.937
1120,471,5946.002,3395,8122,0.896,1.201,0.832,0.946
1121,361,5554.136,3425,7841,0.921,1.249,0.801,0.948
1122,311,4132.643,3382,5293,0.686,1.677,0.596,0.877
1123,351,4261.886,3386,5709,0.752,1.604,0.623,0.901
1124,426,6826.556,3390,9707,0.917,1.207,0.829,0.942
1125,279,3958.108,3382,5091,0.585,1.301,0.769,0.851
1126,312,5958.721,3444,8129,0.904,1.085,0.922,0.923
1127,284,4798.426,3390,6348,0.866,1.387,0.721,0.928
1128,338,4171.879,3385,5213,0.769,1.121,0.892,0.920
1129,268,3858.526,3384,4839,0.623,1.219,0.820,0.830
1130,314,4416.602,3401,6040,0.817,1.194,0.838,0.915
1131,351,4634.903,3383,6004,0.883,1.192,0.839,0.934
1132,412,5072.806,3387,6874,0.862,1.323,0.756,0.933
1133,298,4392.238,3393,5900,0.899,1.113,0.899,0.943
1134,381,4874.698,3394,6580,0.878,1.278,0.783,0.934
1135,418,6938.548,3390,10314,0.934,1.105,0.905,0.951
1136,309,4613.071,3388,6358,0.919,1.122,0.891,0.934
1137,341,4699.721,3406,6212,0.915,1.148,0.871,0.933
1138,303,4487.165,3383,5789,0.842,1.118,0.894,0.907
1139,357,5342.462,3385,7431,0.890,1.130,0.885,0.936
1140,320,4051.825,3399,5128,0.787,1.212,0.825,0.918
1141,330,5991.906,3389,8984,0.908,1.234,0.810,0.938
1142,366,4939.273,3392,7121,0.891,1.069,0.935,0.943
1143,295,3905.441,3384,4858,0.613,1.279,0.782,0.866
1144,273,5185.469,3388,7197,0.904,1.161,0.861,0.925
1145,423,4600.719,3394,6081,0.885,1.121,0.892,0.932
1146,318,4565.377,3382,5896,0.899,1.346,0.743,0.933
1147,306,4549.003,3383,5716,0.842,1.598,0.626,0.927
1148,405,5114.370,3388,6776,0.925,1.135,0.881,0.951
1149,330,4532.545,3392,5903,0.883,1.084,0.923,0.930
1150,371,4434.402,3384,6055,0.712,1.537,0.651,0.893
1151,354,5429.862,3386,7539,0.897,1.283,0.779,0.938
1152,428,4657.301,3387,6453,0.826,1.257,0.796,0.942
1153,325,4826.215,3387,6450,0.858,1.021,0.979,0.930
1154,333,4584.396,3393,5723,0.916,1.096,0.912,0.941
1155,245,3712.665,3384,4305,0.502,1.799,0.556,0.787
1156,316,4420.184,3384,5497,0.930,1.186,0.843,0.949
1157,488,6232.182,3394,8579,0.910,1.232,0.811,0.944
1158,288,5004.927,3400,6577,0.895,1.347,0.742,0.935
1159,391,4924.292,3391,6756,0.922,1.256,0.796,0.946
1160,323,4269.359,3384,5442,0.855,1.196,0.836,0.911
1161,456,6829.623,3397,12301,0.841,1.292,0.774,0.929
1162,357,4533.874,3386,5756,0.863,1.016,0.985,0.935
1163,353,4421.807,3401,5384,0.894,1.143,0.875,0.934
1164,425,4575.666,3388,6086,0.895,1.252,0.799,0.934
1165,419,4555.375,3400,7087,0.838,1.473,0.679,0.941
1166,334,4800.530,3384,6520,0.887,1.318,0.758,0.945
1167,301,4479.817,3384,5874,0.848,1.201,0.833,0.916
1168,309,4565.602,3382,5902,0.909,1.276,0.783,0.938
1169,304,3701.763,3383,4736,0.557,1.570,0.637,0.825
1170,307,4405.961,3389,5825,0.853,1.268,0.789,0.916
1171,356,4778.596,3414,6659,0.908,1.181,0.847,0.941
1172,365,4707.077,3391,6791,0.737,1.605,0.623,0.897
1173,494,4932.496,3391,6972,0.811,1.683,0.594,0.936
1174,337,4462.445,3384,5992,0.866,1.188,0.842,0.930
1175,441,4592.637,3383,5818,0.895,1.069,0.936,0.938
1176,299,4971.538,3443,7525,0.816,1.787,0.560,0.923
1177,282,4142.025,3383,5365,0.803,1.248,0.801,0.922
1178,296,5189.514,3385,7181,0.843,1.385,0.722,0.929
1179,308,4676.276,3384,6160,0.868,1.303,0.768,0.932
1180,382,4236.246,3384,5383,0.875,1.155,0.865,0.928
1181,303,4812.766,3422,6687,0.728,1.567,0.638,0.883
1182,316,4811.225,3385,6521,0.882,1.364,0.733,0.936
1183,481,8035.505,3391,16459,0.927,1.093,0.915,0.960
1184,440,5537.730,3386,7554,0.899,1.316,0.760,0.946
1185,368,4492.758,3386,5788,0.867,1.234,0.810,0.935
1186,386,4440.326,3387,5636,0.813,1.255,0.797,0.939
1187,330,4110.570,3390,5141,0.836,1.207,0.829,0.924
1188,414,5230.411,3395,6886,0.925,1.136,0.880,0.943
1189,313,4443.454,3388,5621,0.876,1.290,0.775,0.932
1190,326,6820.291,3456,10359,0.935,1.085,0.921,0.945
1191,378,5344.426,3422,7348,0.912,1.078,0.927,0.940
1192,293,5069.543,3418,6997,0.903,1.042,0.960,0.935
1193,368,4316.978,3400,5464,0.917,1.087,0.920,0.942
1194,221,8406.914,3432,15188,0.906,1.329,0.752,0.925
1195,310,4436.765,3393,5489,0.887,1.204,0.831,0.945
1196,435,5028.786,3382,6648,0.870,1.290,0.775,0.941
1197,394,4759.459,3383,6325,0.861,1.298,0.771,0.925
1198,367,5304.815,3386,6979,0.873,1.188,0.842,0.933
1199,304,5040.974,3405,6584,0.901,1.153,0.867,0.941
1200,376,4776.620,3412,6870,0.886,1.128,0.887,0.928
1201,449,5748.784,3453,7915,0.917,1.192,0.839,0.956
1202,227,8308.881,3431,13712,0.928,1.427,0.701,0.958
1203,480,6061.083,3412,8025,0.927,1.204,0.831,0.952
1204,319,4821.100,3409,6237,0.915,1.398,0.715,0.948
1205,313,4518.045,3383,6186,0.799,1.078,0.928,0.899
1206,351,4664.584,3387,6338,0.849,1.070,0.935,0.924
1207,366,4689.503,3386,6696,0.943,1.089,0.918,0.946
1208,319,6233.273,3416,9075,0.932,1.035,0.966,0.945
1209,425,6280.993,3408,8493,0.895,1.202,0.832,0.937
1210,334,5763.296,3386,8036,0.881,1.172,0.853,0.928
1211,316,4856.241,3384,6812,0.891,1.285,0.778,0.939
1212,320,4646.816,3387,6035,0.853,1.439,0.695,0.922
1213,338,5749.541,3388,7848,0.907,1.110,0.901,0.934
1214,328,4207.674,3410,5456,0.746,1.243,0.805,0.907
1215,280,5265.625,3393,7152,0.900,1.290,0.775,0.933
1216,313,5322.537,3397,7360,0.905,1.334,0.750,0.947
1217,317,6146.426,3393,8178,0.950,1.206,0.829,0.952
1218,306,5032.500,3382,6440,0.907,1.190,0.840,0.949
1219,454,5363.308,3404,6998,0.908,1.162,0.860,0.942
1220,394,8182.353,3423,16044,0.593,1.141,0.877,0.857
1221,366,4776.336,3387,6189,0.921,1.121,0.892,0.934
1222,296,4538.186,3393,5767,0.843,1.307,0.765,0.914
1223,382,5495.602,3384,7689,0.915,1.143,0.875,0.943
1224,297,4978.747,3415,6700,0.883,1.418,0.705,0.934
1225,347,6216.202,3514,8855,0.945,1.134,0.882,0.955
1226,313,6295.962,3389,8641,0.898,1.094,0.914,0.936
1227,291,6890.351,3406,10757,0.894,1.117,0.896,0.934
1228,346,5111.968,3382,6554,0.913,1.185,0.844,0.939
1229,342,4995.529,3382,6809,0.902,1.362,0.734,0.938
1230,366,4947.098,3397,6997,0.921,1.217,0.822,0.942
1231,315,5000.356,3384,6636,0.944,1.188,0.842,0.952
1232,357,4474.255,3384,5652,0.828,1.159,0.862,0.919
1233,446,6528.229,3388,9345,0.945,1.145,0.874,0.957
1234,445,6821.885,3397,10008,0.935,1.185,0.844,0.967
1235,353,4756.960,3383,5793,0.901,1.099,0.910,0.943
1236,287,6974.767,3382,10905,0.908,1.054,0.948,0.923
1237,306,4461.160,3391,5607,0.871,1.278,0.782,0.926
1238,431,8619.028,3384,14697,0.584,2.666,0.375,0.851
1239,417,6914.930,3399,9998,0.911,1.237,0.808,0.946
1240,344,4906.230,3384,6256,0.838,1.545,0.647,0.919
1241,395,4783.086,3389,6486,0.925,1.120,0.893,0.943
1242,401,4698.564,3411,5977,0.863,1.257,0.796,0.930
1243,425,5726.134,3384,8452,0.914,1.150,0.870,0.944
1244,452,6168.615,3409,9150,0.918,1.267,0.789,0.952
1245,175,9233.914,3386,17750,0.882,1.548,0.646,0.923
1246,411,6262.964,3418,8963,0.962,1.163,0.860,0.958
1247,494,6960.931,3406,9455,0.908,1.309,0.764,0.952
1248,295,5516.190,3423,7734,0.893,1.375,0.727,0.931
1249,368,4672.117,3420,5907,0.917,1.089,0.918,0.938
1250,336,5093.193,3389,7220,0.863,1.245,0.803,0.928
1251,333,6143.411,3384,8698,0.932,1.097,0.911,0.938
1252,422,4628.498,3388,6031,0.877,1.126,0.888,0.937
1253,389,4664.514,3406,6326,0.844,1.045,0.956,0.911
1254,348,4262.489,3399,5463,0.828,1.230,0.813,0.927
1255,447,6548.631,3408,9076,0.908,1.187,0.842,0.950
1256,335,5242.081,3397,7179,0.937,1.100,0.909,0.944
1257,313,5348.700,3396,7251,0.870,1.073,0.932,0.922
1258,469,6396.226,3382,8879,0.933,1.180,0.848,0.950
1259,483,7239.669,3427,9868,0.938,1.055,0.948,0.957
1260,377,10666.589,3415,22947,0.693,2.004,0.499,0.873
1261,347,4912.816,3410,6330,0.938,1.160,0.862,0.948
1262,490,6986.676,3454,9564,0.933,1.189,0.841,0.954
1263,339,5204.065,3404,6931,0.939,1.270,0.787,0.955
1264,355,4854.507,3413,6246,0.921,1.166,0.857,0.949
1265,438,8076.920,3395,12834,0.834,1.676,0.597,0.938
1266,362,4746.638,3391,6496,0.902,1.150,0.870,0.940
1267,315,5384.552,3387,7519,0.927,1.087,0.920,0.955
1268,353,4465.550,3384,5706,0.859,1.201,0.833,0.933
1269,326,5095.617,3383,6800,0.890,1.059,0.944,0.934
1270,359,5057.554,3403,7133,0.910,1.021,0.979,0.936
1271,450,6031.807,3387,8097,0.914,1.038,0.963,0.949
1272,499,7218.926,3397,11400,0.931,1.089,0.918,0.954
1273,394,5987.231,3400,8657,0.908,1.219,0.820,0.940
1274,374,4699.503,3388,5897,0.830,1.541,0.649,0.930
1275,202,10377.693,3396,22517,0.892,1.561,0.640,0.927
1276,213,9697.061,3411,19975,0.881,1.471,0.680,0.932
1277,365,4750.008,3395,6961,0.810,1.369,0.731,0.926
1278,484,7543.469,3389,10929,0.908,1.171,0.854,0.946
1279,415,8868.742,3384,17616,0.813,1.135,0.881,0.904
1280,386,5952.391,3390,8245,0.925,1.311,0.763,0.951
1281,319,5134.116,3388,6924,0.915,1.230,0.813,0.937
1282,349,5524.364,3383,7706,0.912,1.175,0.851,0.942
1283,419,5073.372,3434,6209,0.915,1.280,0.781,0.947
1284,410,4111.451,3382,4998,0.902,1.141,0.876,0.938
1285,372,4463.978,3392,5815,0.885,1.280,0.781,0.935
1286,393,4474.613,3421,5689,0.892,1.121,0.892,0.935
1287,312,5368.577,3403,7375,0.904,1.179,0.848,0.931
1288,321,5238.277,3386,6940,0.911,1.191,0.840,0.943
1289,424,5573.804,3389,8051,0.926,1.157,0.864,0.947
1290,251,7077.538,3405,10386,0.940,1.124,0.889,0.940
1291,353,5466.688,3400,7541,0.894,1.234,0.810,0.944
1292,352,5022.395,3408,6411,0.898,1.150,0.869,0.936
1293,325,5189.225,3401,6929,0.916,1.114,0.897,0.939
1294,377,4279.326,3382,5605,0.772,1.242,0.805,0.917
1295,267,6579.187,3389,9380,0.926,1.162,0.860,0.934
1296,395,4838.367,3414,6292,0.916,1.227,0.815,0.950
1297,414,5238.507,3396,6996,0.872,1.185,0.844,0.937
1298,390,4669.059,3383,6321,0.893,1.026,0.975,0.934
1299,414,4848.145,3389,6521,0.899,1.079,0.927,0.937
1300,279,6232.423,3384,9994,0.957,1.085,0.922,0.952
1301,298,5825.728,3384,8568,0.864,1.076,0.929,0.936
1302,394,4287.538,3382,5957,0.752,1.439,0.695,0.901
1303,379,4507.351,3392,5679,0.849,1.161,0.862,0.931
1304,277,6498.094,3397,9772,0.943,1.221,0.819,0.944
1305,347,4890.513,3392,6323,0.938,1.086,0.921,0.947
1306,355,4789.073,3385,6399,0.893,1.213,0.824,0.938
1307,349,4767.908,3391,5998,0.893,1.154,0.867,0.922
1308,404,5820.431,3387,8167,0.891,1.305,0.766,0.942
1309,405,4753.854,3384,6113,0.853,1.204,0.831,0.933
1310,399,4991.441,3386,7095,0.905,1.275,0.784,0.942
1311,395,4201.428,3387,5569,0.863,1.368,0.731,0.940
1312,406,5307.995,3425,6846,0.901,1.246,0.802,0.937
1313,334,5117.796,3383,6759,0.925,1.098,0.910,0.944
1314,395,5383.861,3382,7314,0.910,1.186,0.843,0.938
1315,394,6807.896,3433,9364,0.920,1.110,0.901,0.947
1316,358,5288.302,3394,7113,0.907,1.129,0.885,0.936
1317,376,4313.832,3394,5814,0.867,1.312,0.762,0.927
1318,384,4531.859,3392,5509,0.841,1.155,0.866,0.929
1319,390,4454.877,3384,5705,0.879,1.137,0.880,0.936
1320,414,4999.785,3384,6726,0.925,1.281,0.781,0.953
1321,371,4759.019,3383,6262,0.883,1.247,0.802,0.932
1322,482,7223.898,3382,10503,0.904,1.233,0.811,0.949
1323,490,7653.008,3399,11252,0.922,1.241,0.806,0.950
1324,331,5271.012,3383,6960,0.926,1.087,0.920,0.942
1325,345,5076.672,3395,7000,0.939,1.144,0.874,0.956
1326,374,11867.775,3385,26830,0.843,1.560,0.641,0.934
1327,361,5247.313,3382,7339,0.827,1.231,0.812,0.926
1328,359,4384.226,3384,5955,0.709,1.152,0.868,0.897
1329,398,9405.621,3390,16909,0.825,1.704,0.587,0.936
1330,332,5629.861,3426,7941,0.904,1.362,0.734,0.945
1331,484,7285.401,3394,11875,0.903,1.039,0.962,0.943
1332,342,5121.696,3384,6633,0.887,1.185,0.844,0.938
1333,351,4989.379,3388,6545,0.904,1.113,0.898,0.929
1334,354,5304.960,3407,6613,0.918,1.169,0.856,0.944
1335,461,5624.549,3429,8370,0.928,1.172,0.853,0.952
1336,492,5651.496,3411,7880,0.910,1.239,0.807,0.948
1337,311,4230.752,3386,6742,0.562,1.320,0.757,0.854
1338,329,5883.085,3386,8095,0.921,1.069,0.936,0.937
1339,355,4223.651,3385,5211,0.771,1.551,0.645,0.903
1340,346,4958.425,3389,7001,0.929,1.248,0.801,0.947
1341,428,7125.972,3382,10153,0.921,1.155,0.866,0.949
1342,351,5310.741,3387,7574,0.920,1.146,0.872,0.937
1343,341,5552.812,3398,7374,0.922,1.127,0.887,0.942
1344,373,4258.984,3389,5448,0.776,1.535,0.652,0.901
1345,468,6176.470,3454,8528,0.931,1.157,0.864,0.949
1346,341,5221.871,3396,7343,0.811,1.596,0.627,0.933
1347,399,6134.404,3388,8135,0.872,1.363,0.734,0.937
1348,364,4609.964,3387,6465,0.839,1.614,0.620,0.925
1349,447,5509.823,3386,8185,0.894,1.070,0.935,0.935
1350,480,4736.685,3400,6306,0.877,1.167,0.857,0.930
1351,360,5172.800,3408,7049,0.882,1.298,0.770,0.946
1352,459,6477.725,3432,8924,0.905,1.031,0.970,0.939
1353,368,5193.997,3391,6433,0.902,1.281,0.781,0.947
1354,404,4591.869,3382,5985,0.840,1.124,0.890,0.926
1355,427,6619.956,3386,9579,0.927,1.101,0.908,0.941
1356,382,4436.529,3397,5424,0.824,1.454,0.688,0.924
1357,341,5718.135,3385,7989,0.938,1.153,0.867,0.947
1358,488,5574.596,3403,7333,0.872,1.262,0.792,0.938
1359,352,5074.628,3386,6552,0.929,1.116,0.896,0.941
1360,330,5998.470,3392,9099,0.901,1.096,0.912,0.932
1361,379,4454.493,3385,5796,0.873,1.158,0.863,0.927
1362,421,4349.245,3387,5526,0.868,1.180,0.848,0.924
1363,396,5075.641,3403,6687,0.927,1.096,0.913,0.943
1364,370,5344.654,3388,7206,0.901,1.209,0.827,0.932
1365,500,4634.694,3426,6385,0.889,1.073,0.932,0.943
1366,429,6044.660,3419,8234,0.929,1.191,0.840,0.958
1367,364,5428.670,3448,7132,0.886,1.258,0.795,0.931
1368,384,4644.284,3384,6427,0.841,1.153,0.867,0.924
1369,394,5271.312,3387,7442,0.914,1.157,0.865,0.949
1370,343,5291.216,3402,7186,0.905,1.122,0.891,0.932
1371,400,4691.177,3387,6379,0.863,1.057,0.946,0.926
1372,373,4438.952,3384,6014,0.894,1.254,0.797,0.929
1373,311,5493.084,3409,8078,0.892,1.312,0.762,0.934
1374,382,4926.353,3419,6683,0.861,1.369,0.731,0.934
1375,406,4886.032,3384,6300,0.936,1.087,0.920,0.950
1376,477,5137.774,3395,7016,0.870,1.185,0.844,0.942
1377,387,5192.313,3385,7642,0.912,1.238,0.808,0.953
1378,379,5171.404,3383,7802,0.929,1.164,0.859,0.951
1379,436,4580.122,3385,6787,0.854,1.306,0.766,0.926
1380,408,4720.191,3382,6807,0.848,1.317,0.759,0.919
1381,398,5226.329,3383,7021,0.903,1.306,0.766,0.943
1382,326,5832.546,3402,7923,0.912,1.039,0.962,0.934
1383,377,5259.236,3410,6923,0.889,1.041,0.961,0.947
1384,450,5257.093,3399,6627,0.876,1.100,0.909,0.923
1385,267,7225.633,3395,11573,0.901,1.108,0.902,0.919
1386,321,5802.502,3389,7955,0.905,1.117,0.895,0.930
1387,396,4760.093,3398,6353,0.873,1.121,0.892,0.926
1388,394,4716.299,3412,6859,0.888,1.076,0.930,0.935
1389,439,5107.576,3389,7130,0.865,1.085,0.921,0.939
1390,357,5410.193,3407,7133,0.847,1.268,0.789,0.918
1391,398,4979.646,3386,6656,0.897,1.092,0.916,0.941
1392,431,5576.053,3408,7730,0.907,1.143,0.875,0.942
1393,419,4572.415,3382,5688,0.882,1.056,0.947,0.934
1394,377,4647.764,3388,6013,0.875,1.269,0.788,0.947
1395,361,5619.208,3395,7325,0.906,1.192,0.839,0.934
1396,394,5030.383,3387,6617,0.929,1.266,0.790,0.955
1397,280,6679.050,3404,10546,0.883,1.522,0.657,0.948
1398,245,7820.347,3415,11620,0.857,1.511,0.662,0.933
1399,406,4931.877,3395,6594,0.915,1.170,0.855,0.940
1400,237,8325.030,3410,13934,0.887,1.166,0.857,0.915
1401,367,4746.896,3395,6218,0.894,1.200,0.833,0.935
1402,385,4973.291,3393,6476,0.908,1.155,0.866,0.941
1403,382,4891.634,3417,6592,0.895,1.187,0.842,0.942
1404,413,4502.479,3395,6086,0.816,1.217,0.821,0.928
1405,362,5710.268,3393,7746,0.881,1.034,0.967,0.932
1406,330,5239.706,3444,6878,0.822,1.666,0.600,0.939
1407,292,5919.247,3402,8190,0.931,1.042,0.960,0.943
1408,380,5510.063,3393,7395,0.932,1.122,0.891,0.952
1409,376,4408.255,3395,5722,0.847,1.238,0.808,0.925
1410,410,4803.763,3400,6627,0.882,1.233,0.811,0.944
1411,471,5377.291,3445,7531,0.904,1.247,0.802,0.946
1412,252,7902.020,3396,12058,0.935,1.080,0.926,0.932
1413,483,8471.656,3385,19178,0.847,1.352,0.740,0.926
1414,421,5151.998,3389,6666,0.906,1.238,0.807,0.952
1415,303,5644.944,3398,7937,0.833,1.244,0.804,0.909
1416,338,5157.337,3433,6728,0.856,1.528,0.654,0.920
1417,291,6155.608,3397,10026,0.874,1.134,0.882,0.917
